timestamp,S&P500,VIX,ValueOverGrowth,SmallOverLarge,USD_to_EUR,USD_to_GBP,JPY_to_USD,CNH_to_USD,MXN_to_USD,CAD_to_USD,_10_y_UST,_10_y_UST_real,_10_y_BE,_2s10s_UST,Brent_Crude,Return On Assets - Actual,Price To Sales Per Share,Total Debt To Enterprise Value,Price To Book Value Per Share,Company Market Capitalization,Trailing 30-day Price Net Change,Average Daily Value Traded - 30 Days,Weekly Sharpe Ratio - 2 Year,Volatility - 260 days,RSI Simple - 14 Days,Short Interest Pct,Days To Cover,Convexity
PEP.OQ,0.028,0.97,0.846,0.014,0.006,0.034,0.558,1.0,0.964,0.986,0.424,0.923,0.051,0.212,0.059,0.606,0.529,0.36,0.917,0.949,0.905,0.945,0.927,0.006,1.0,0.061,0.319,0.477
CDW.OQ,0.796,0.182,0.257,0.608,0.485,0.578,0.867,0.657,0.382,0.442,0.778,0.58,0.717,0.756,0.671,0.269,0.166,0.554,0.947,0.43,0.073,0.582,0.576,0.481,0.834,0.093,0.194,0.521
USB.N,0.533,0.418,0.98,0.794,0.547,0.566,0.933,0.622,0.244,0.269,0.978,0.887,0.699,0.99,0.646,0.089,0.701,0.949,0.174,0.774,0.226,0.853,0.034,0.669,0.341,0.059,0.028,0.232
RF.N,0.83,0.139,0.796,1.0,0.804,0.804,0.883,0.448,0.091,0.081,0.956,0.541,0.96,0.943,0.889,0.101,0.703,0.248,0.162,0.36,0.37,0.402,0.18,0.63,0.131,0.614,0.596,0.404
AAL.OQ,0.838,0.422,0.39,0.778,0.818,0.788,0.919,0.499,0.204,0.168,0.907,0.745,0.705,0.788,0.549,0.008,0.006,0.992,0.036,0.044,0.5,0.661,0.279,0.917,0.828,0.998,0.766,0.915
PSA.N,0.162,0.925,0.461,0.16,0.424,0.533,0.079,0.459,0.812,0.798,0.077,0.483,0.123,0.093,0.044,0.707,0.968,0.279,0.681,0.693,0.598,0.572,0.747,0.335,0.798,0.499,0.705,0.21
FTV.N,0.671,0.321,0.552,0.663,0.735,0.774,0.206,0.337,0.198,0.251,0.42,0.244,0.697,0.321,0.566,0.389,0.671,0.358,0.426,0.404,0.354,0.281,0.398,0.269,0.321,0.408,0.729,0.695
BWA.N,0.695,0.283,0.529,0.798,0.98,0.879,0.525,0.364,0.224,0.075,0.709,0.44,0.766,0.814,0.794,0.384,0.085,0.754,0.184,0.073,0.293,0.174,0.4,0.606,0.129,0.646,0.616,0.566
KR.N,0.022,0.976,0.707,0.057,0.008,0.01,0.648,0.96,0.998,0.97,0.444,0.935,0.042,0.434,0.121,0.356,0.01,0.715,0.527,0.533,0.527,0.527,0.82,0.293,0.851,0.673,0.626,0.061
SWK.N,0.867,0.186,0.426,0.715,0.842,0.939,0.335,0.085,0.17,0.164,0.317,0.081,0.774,0.499,0.808,0.429,0.095,0.855,0.135,0.121,0.578,0.238,0.012,0.848,0.606,0.915,0.818,0.198
PCG.N,0.642,0.319,0.412,0.624,0.481,0.582,0.646,0.644,0.194,0.469,0.578,0.341,0.701,0.388,0.715,0.123,0.333,0.931,0.2,0.616,0.61,0.453,0.949,0.406,0.865,0.865,0.933,0.057
CLX.N,0.02,0.994,0.547,0.01,0.02,0.008,0.58,0.992,0.99,0.992,0.244,0.939,0.006,0.574,0.046,0.546,0.465,0.362,0.99,0.291,0.903,0.511,0.497,0.329,0.778,0.927,0.937,0.327
PPG.N,0.608,0.412,0.537,0.612,0.873,0.737,0.535,0.176,0.24,0.287,0.509,0.461,0.56,0.644,0.479,0.535,0.303,0.503,0.679,0.501,0.8,0.513,0.186,0.604,0.36,0.198,0.394,0.719
CCI.N,0.228,0.865,0.402,0.091,0.287,0.384,0.036,0.558,0.76,0.822,0.02,0.37,0.073,0.077,0.061,0.153,0.903,0.665,0.814,0.743,0.097,0.596,0.081,0.442,0.214,0.147,0.145,0.493
ATVI.OQ,0.051,0.875,0.333,0.101,0.101,0.069,0.372,0.77,0.931,0.913,0.406,0.834,0.121,0.263,0.248,0.713,0.873,0.176,0.523,0.745,0.182,0.899,0.339,0.044,0.105,0.659,0.505,0.002
IEX.N,0.281,0.521,0.752,0.461,0.115,0.188,0.62,0.752,0.713,0.727,0.592,0.691,0.368,0.467,0.242,0.642,0.806,0.174,0.754,0.289,0.075,0.111,0.378,0.168,0.216,0.384,0.604,0.956
ABC.N,0.063,0.911,0.915,0.196,0.067,0.053,0.82,0.968,0.909,0.945,0.851,0.996,0.067,0.893,0.085,0.248,0.004,0.424,0.036,0.545,0.884,0.43,0.956,0.081,0.84,0.537,0.475,0.188
ITW.N,0.307,0.814,0.893,0.386,0.325,0.224,0.386,0.867,0.604,0.588,0.675,0.786,0.339,0.863,0.368,0.867,0.699,0.246,0.952,0.776,0.137,0.608,0.467,0.23,0.436,0.604,0.939,0.408
MNST.OQ,0.141,0.822,0.444,0.18,0.129,0.099,0.451,0.949,0.768,0.893,0.392,0.836,0.109,0.636,0.251,0.903,0.895,0.024,0.82,0.713,0.772,0.703,0.869,0.16,0.99,0.085,0.281,0.978
DFS.N,0.982,0.129,0.477,0.97,0.996,1.0,0.394,0.16,0.002,0.012,0.707,0.226,0.913,0.667,0.871,0.307,0.43,0.917,0.303,0.467,0.349,0.493,0.358,0.709,0.22,0.523,0.487,0.699
BKNG.OQ,0.802,0.224,0.331,0.685,0.966,0.818,0.721,0.267,0.141,0.166,0.812,0.709,0.606,0.808,0.691,0.556,0.749,0.301,0.949,0.804,0.941,0.947,0.768,0.671,0.537,0.58,0.434,0.564
DOW.N,0.592,0.081,0.786,0.814,0.263,0.289,0.982,0.582,0.368,0.321,0.931,0.558,0.927,0.956,0.943,0.663,0.081,0.687,0.321,0.566,0.416,0.578,0.214,0.392,0.287,0.364,0.307,0.238
MSCI.N,0.646,0.384,0.059,0.166,0.671,0.622,0.127,0.105,0.731,0.6,0.028,0.113,0.307,0.069,0.285,0.872,0.996,0.267,0.036,0.586,0.009,0.515,0.646,0.729,0.099,0.121,0.095,0.947
IR.N,0.762,0.133,0.501,0.79,0.677,0.739,0.768,0.343,0.21,0.208,0.752,0.525,0.756,0.507,0.661,0.352,0.632,0.321,0.424,0.384,0.568,0.259,0.824,0.545,0.889,0.525,0.622,0.826
BKR.OQ,0.529,0.339,0.861,0.788,0.495,0.556,0.715,0.198,0.279,0.156,0.887,0.515,0.887,0.83,0.96,0.098,0.263,0.543,0.349,0.507,0.442,0.574,0.691,0.788,0.192,0.679,0.566,0.273
UHS.N,0.729,0.196,0.727,0.818,0.962,0.976,0.046,0.079,0.109,0.18,0.248,0.065,0.745,0.41,0.681,0.49,0.107,0.737,0.255,0.087,0.901,0.089,0.455,0.644,0.608,0.824,0.646,0.204
QRVO.OQ,0.764,0.226,0.109,0.598,0.917,0.77,0.23,0.004,0.43,0.339,0.358,0.374,0.513,0.701,0.776,0.897,0.376,0.525,0.36,0.065,0.145,0.386,0.028,0.818,0.497,0.741,0.368,0.737
CHRW.OQ,0.091,0.846,0.523,0.204,0.055,0.048,0.859,0.816,0.901,0.863,0.517,0.774,0.224,0.677,0.38,0.764,0.046,0.473,0.778,0.109,0.665,0.376,0.556,0.453,0.677,0.984,0.99,0.899
FICO.N,0.804,0.178,0.129,0.564,0.988,0.943,0.002,0.016,0.259,0.343,0.01,0.018,0.461,0.004,0.663,0.98,0.954,0.273,0.036,0.228,0.984,0.255,0.891,0.824,0.869,0.826,0.828,0.988
AMCR.N,0.352,0.275,0.64,0.588,0.38,0.41,0.644,0.703,0.568,0.576,0.289,0.222,0.586,0.578,0.541,0.456,0.214,0.691,0.63,0.301,0.465,0.055,0.21,0.301,0.299,0.612,0.842,0.457
RE.N,0.285,0.543,0.939,0.63,0.301,0.349,0.937,0.838,0.343,0.56,0.909,0.917,0.428,0.638,0.531,0.505,0.176,0.552,0.246,0.168,0.97,0.172,0.895,0.408,0.915,0.279,0.101,0.287
BDX.N,0.04,0.968,0.622,0.046,0.172,0.119,0.275,0.749,0.939,0.954,0.343,0.929,0.024,0.475,0.073,0.386,0.648,0.485,0.485,0.792,0.785,0.646,0.634,0.059,0.305,0.166,0.234,0.051
MPWR.OQ,0.758,0.378,0.032,0.37,0.82,0.626,0.236,0.073,0.616,0.525,0.287,0.487,0.36,0.267,0.329,0.958,0.943,0.012,0.885,0.271,0.009,0.665,0.822,0.958,0.154,0.97,0.915,0.352
ZION.OQ,0.62,0.374,0.851,0.887,0.624,0.568,0.935,0.436,0.216,0.244,0.992,0.911,0.747,0.992,0.778,0.074,0.543,0.881,0.22,0.028,0.176,0.499,0.038,0.952,0.267,0.663,0.499,0.693
PFG.OQ,0.933,0.105,0.671,0.952,0.883,0.933,0.778,0.43,0.028,0.083,0.919,0.634,0.834,0.812,0.901,0.505,0.265,0.517,0.366,0.374,0.219,0.408,0.602,0.501,0.081,0.889,0.952,0.903
APTV.N,0.98,0.03,0.188,0.915,0.99,0.964,0.428,0.061,0.077,0.024,0.535,0.107,0.889,0.588,0.883,0.256,0.271,0.618,0.511,0.453,0.081,0.463,0.259,0.891,0.048,0.477,0.459,0.949
PCAR.OQ,0.202,0.794,0.782,0.432,0.418,0.293,0.539,0.873,0.729,0.628,0.768,0.871,0.321,0.608,0.323,0.407,0.238,0.655,0.459,0.564,0.541,0.705,0.77,0.234,0.558,0.457,0.527,0.81
WBD.OQ,0.493,0.545,0.382,0.634,0.57,0.642,0.481,0.097,0.558,0.44,0.679,0.624,0.525,0.901,0.6,0.208,0.141,0.964,0.077,0.412,0.384,0.584,0.077,0.972,0.481,0.917,0.778,0.398
SPGI.N,0.562,0.511,0.152,0.19,0.499,0.618,0.053,0.123,0.687,0.584,0.002,0.022,0.364,0.01,0.485,0.954,0.949,0.214,0.533,0.857,0.929,0.782,0.477,0.378,0.816,0.323,0.374,0.895
AMP.N,0.968,0.042,0.541,0.844,0.754,0.762,0.954,0.471,0.061,0.089,0.949,0.651,0.863,0.921,0.899,0.103,0.438,0.935,0.869,0.543,0.188,0.4,0.786,0.596,0.372,0.081,0.079,0.663
BFb.N,0.143,0.855,0.63,0.188,0.073,0.093,0.632,0.842,0.792,0.889,0.539,0.853,0.149,0.315,0.309,0.739,0.863,0.184,0.877,0.529,0.562,0.222,0.23,0.097,0.772,0.079,0.366,0.624
PEAK.N,0.703,0.444,0.568,0.689,0.764,0.921,0.113,0.226,0.143,0.323,0.2,0.075,0.677,0.172,0.507,0.192,0.84,0.743,0.345,0.186,0.467,0.073,0.048,0.364,0.59,0.307,0.123,0.265
LH.N,0.515,0.471,0.428,0.556,0.798,0.691,0.042,0.271,0.376,0.473,0.164,0.097,0.608,0.273,0.505,0.76,0.251,0.568,0.347,0.376,0.301,0.202,0.255,0.291,0.271,0.422,0.2,0.495
MTB.N,0.414,0.574,0.968,0.812,0.305,0.315,0.964,0.822,0.364,0.436,0.99,0.954,0.653,0.97,0.594,0.07,0.747,0.394,0.109,0.451,0.172,0.356,0.202,0.632,0.234,0.689,0.62,0.139
CVX.N,0.465,0.414,0.947,0.745,0.335,0.679,0.467,0.616,0.465,0.228,0.764,0.257,0.937,0.618,0.962,0.416,0.281,0.168,0.372,0.968,0.24,0.97,0.885,0.475,0.077,0.135,0.313,0.135
NRG.N,0.499,0.43,0.455,0.58,0.341,0.475,0.545,0.901,0.446,0.554,0.501,0.368,0.64,0.309,0.586,0.683,0.014,0.919,0.198,0.026,0.47,0.339,0.554,0.707,0.39,0.964,0.663,0.022
CE.N,0.794,0.162,0.737,0.905,0.893,0.903,0.501,0.04,0.127,0.061,0.701,0.224,0.907,0.966,0.911,0.885,0.198,0.982,0.39,0.117,0.245,0.206,0.117,0.782,0.455,0.733,0.588,0.525
KDP.OQ,0.057,0.796,0.558,0.337,0.036,0.046,0.96,0.996,0.941,0.933,0.434,0.584,0.392,0.275,0.374,0.296,0.628,0.539,0.333,0.701,0.378,0.735,0.319,0.02,0.152,0.192,0.226,0.418
WRB.N,0.317,0.509,0.984,0.586,0.23,0.309,0.974,0.919,0.36,0.677,0.968,0.947,0.501,0.709,0.471,0.184,0.325,0.352,0.501,0.339,0.337,0.313,0.703,0.232,0.808,0.24,0.467,0.182
SEDG.OQ,0.883,0.21,0.083,0.681,0.907,0.846,0.263,0.018,0.406,0.218,0.145,0.038,0.715,0.255,0.865,0.638,0.814,0.109,0.816,0.244,0.749,0.76,0.84,0.988,0.509,0.891,0.503,0.921
CPT.N,0.444,0.766,0.545,0.463,0.669,0.749,0.059,0.374,0.331,0.519,0.137,0.259,0.39,0.121,0.372,0.107,0.915,0.62,0.422,0.137,0.778,0.04,0.341,0.238,0.891,0.432,0.218,0.048
HUM.N,0.392,0.578,0.406,0.246,0.36,0.479,0.232,0.788,0.592,0.703,0.307,0.446,0.416,0.085,0.271,0.433,0.101,0.461,0.59,0.764,0.98,0.707,0.727,0.206,0.945,0.582,0.554,0.406
STE.N,0.36,0.636,0.442,0.301,0.509,0.693,0.218,0.17,0.527,0.545,0.093,0.234,0.315,0.137,0.341,0.572,0.659,0.366,0.521,0.327,0.949,0.109,0.681,0.626,0.96,0.574,0.717,0.105
ROST.OQ,0.816,0.216,0.321,0.731,0.719,0.931,0.483,0.721,0.158,0.303,0.552,0.192,0.816,0.246,0.576,0.741,0.402,0.156,0.863,0.612,0.604,0.554,0.352,0.804,0.527,0.388,0.147,0.725
AKAM.OQ,0.19,0.867,0.172,0.044,0.123,0.107,0.683,0.634,0.956,0.897,0.099,0.543,0.115,0.119,0.083,0.702,0.624,0.42,0.517,0.178,0.813,0.434,0.19,0.497,0.867,0.962,0.966,0.816
ETSY.OQ,0.828,0.347,0.03,0.436,0.62,0.574,0.034,0.038,0.562,0.491,0.051,0.034,0.57,0.224,0.743,0.844,0.824,0.374,0.036,0.232,0.111,0.731,0.349,0.986,0.382,0.988,0.867,0.976
FIS.N,0.554,0.473,0.23,0.364,0.691,0.713,0.434,0.416,0.61,0.543,0.251,0.166,0.58,0.594,0.572,0.313,0.505,0.758,0.101,0.62,0.675,0.592,0.02,0.923,0.6,0.289,0.012,0.517
DHI.N,0.887,0.079,0.17,0.766,0.683,0.78,0.061,0.341,0.218,0.327,0.03,0.002,0.794,0.04,0.919,0.921,0.149,0.463,0.226,0.519,0.895,0.638,0.745,0.723,0.663,0.893,0.917,0.713
CMG.N,0.723,0.149,0.04,0.473,0.414,0.453,0.786,0.58,0.566,0.58,0.232,0.051,0.77,0.038,0.616,0.68,0.721,0.012,0.937,0.598,0.993,0.745,0.937,0.665,0.984,0.834,0.756,0.873
BLK.N,0.945,0.218,0.212,0.39,0.956,0.84,0.188,0.166,0.335,0.232,0.242,0.295,0.465,0.556,0.186,0.222,0.812,0.152,0.489,0.851,0.095,0.754,0.188,0.608,0.4,0.618,0.814,0.925
TXT.N,0.903,0.212,0.713,0.901,0.727,0.731,0.832,0.339,0.065,0.069,0.875,0.62,0.772,0.816,0.735,0.305,0.21,0.586,0.374,0.22,0.194,0.2,0.428,0.41,0.109,0.531,0.523,0.887
PLD.N,0.632,0.596,0.22,0.321,0.515,0.677,0.333,0.196,0.582,0.505,0.071,0.036,0.592,0.061,0.127,0.323,1.0,0.368,0.414,0.846,0.683,0.77,0.731,0.592,0.711,0.212,0.549,0.541
MRNA.OQ,0.287,0.731,0.141,0.17,0.463,0.164,0.388,0.428,0.857,0.826,0.131,0.628,0.083,0.366,0.188,1.0,0.576,0.061,0.578,0.788,0.078,0.832,0.624,0.97,0.368,0.863,0.414,0.313
RCL.N,0.994,0.014,0.251,0.945,0.943,0.907,0.861,0.212,0.022,0.016,0.8,0.182,0.978,0.568,0.937,0.004,0.321,0.962,0.588,0.156,0.853,0.442,0.62,0.984,0.954,0.978,0.949,0.812
ROL.N,0.109,0.879,0.42,0.154,0.135,0.141,0.329,0.818,0.897,0.907,0.277,0.794,0.079,0.451,0.149,0.891,0.844,0.044,0.925,0.311,0.745,0.028,0.749,0.259,0.933,0.695,0.96,0.798
TECH.OQ,0.448,0.394,0.071,0.315,0.511,0.372,0.149,0.194,0.689,0.695,0.085,0.323,0.206,0.287,0.509,0.776,0.958,0.071,0.81,0.17,0.818,0.265,0.362,0.721,0.515,0.444,0.584,0.487
VLO.N,0.711,0.176,0.81,0.869,0.572,0.82,0.735,0.733,0.152,0.109,0.952,0.679,0.84,0.806,0.952,0.117,0.022,0.527,0.386,0.689,0.044,0.772,0.818,0.869,0.2,0.776,0.568,0.222
NDAQ.OQ,0.424,0.628,0.281,0.224,0.473,0.529,0.115,0.527,0.719,0.632,0.166,0.493,0.208,0.283,0.216,0.429,0.756,0.408,0.695,0.509,0.58,0.394,0.572,0.246,0.451,0.394,0.713,0.834
NEM.N,0.123,0.82,0.404,0.22,0.513,0.303,0.123,0.028,0.846,0.705,0.194,0.277,0.424,0.349,0.453,0.361,0.554,0.41,0.275,0.59,0.347,0.695,0.192,0.701,0.444,0.404,0.143,0.255
ROK.N,0.578,0.614,0.356,0.578,0.491,0.56,0.4,0.424,0.578,0.4,0.259,0.18,0.582,0.174,0.689,0.644,0.646,0.295,0.889,0.503,0.099,0.347,0.628,0.683,0.541,0.543,0.671,0.907
FMC.N,0.453,0.479,0.572,0.707,0.505,0.509,0.309,0.495,0.297,0.398,0.636,0.319,0.768,0.384,0.554,0.57,0.511,0.497,0.683,0.238,0.135,0.149,0.473,0.341,0.044,0.471,0.586,0.96
CFG.N,0.865,0.125,0.816,0.986,0.853,0.891,0.903,0.384,0.048,0.044,0.972,0.657,0.931,0.974,0.867,0.07,0.578,0.784,0.095,0.347,0.236,0.653,0.057,0.711,0.293,0.378,0.232,0.552
STT.N,0.792,0.123,0.659,0.646,0.794,0.754,0.927,0.301,0.317,0.147,0.962,0.814,0.727,0.98,0.703,0.045,0.941,0.84,0.125,0.489,0.17,0.461,0.287,0.727,0.16,0.069,0.01,0.739
STLD.OQ,0.701,0.2,0.586,0.743,0.529,0.741,0.8,0.457,0.398,0.184,0.703,0.174,0.935,0.764,0.814,0.982,0.105,0.442,0.362,0.285,0.109,0.539,0.905,0.881,0.063,0.818,0.186,0.655
SNA.N,0.329,0.768,0.966,0.719,0.574,0.459,0.638,0.717,0.416,0.416,0.877,0.816,0.543,0.911,0.651,0.905,0.477,0.232,0.479,0.139,0.897,0.087,0.56,0.198,0.513,0.933,0.994,0.38
CMCSA.OQ,0.17,0.824,0.774,0.341,0.315,0.176,0.612,0.473,0.788,0.78,0.556,0.844,0.166,0.713,0.465,0.345,0.23,0.842,0.305,0.907,0.679,0.929,0.121,0.43,0.903,0.451,0.564,0.042
GNRC.N,0.683,0.497,0.077,0.451,0.535,0.57,0.301,0.145,0.622,0.459,0.17,0.261,0.426,0.671,0.634,0.818,0.259,0.475,0.475,0.012,0.497,0.101,0.105,0.992,0.76,0.986,0.675,0.091
DPZ.N,0.097,0.857,0.19,0.184,0.141,0.109,0.703,0.917,0.96,0.927,0.117,0.537,0.139,0.036,0.139,0.99,0.501,0.721,0.036,0.141,0.071,0.37,0.172,0.574,0.143,0.907,0.685,0.384
PNC.N,0.624,0.432,0.838,0.782,0.614,0.614,0.945,0.675,0.248,0.238,0.98,0.909,0.681,0.996,0.608,0.063,0.743,0.719,0.178,0.758,0.101,0.794,0.055,0.539,0.194,0.333,0.471,0.861
JNPR.N,0.362,0.604,0.432,0.368,0.404,0.291,0.784,0.745,0.782,0.671,0.554,0.61,0.44,0.156,0.422,0.396,0.37,0.378,0.418,0.093,0.271,0.226,0.723,0.297,0.147,0.756,0.558,0.442
MMC.N,0.212,0.804,0.487,0.255,0.345,0.307,0.489,0.739,0.638,0.713,0.414,0.606,0.345,0.182,0.487,0.608,0.665,0.323,0.842,0.816,0.911,0.723,0.982,0.103,0.729,0.044,0.261,0.523
LOW.N,0.717,0.343,0.174,0.523,0.442,0.624,0.176,0.707,0.461,0.513,0.105,0.024,0.719,0.083,0.768,0.893,0.236,0.59,0.036,0.869,0.857,0.865,0.618,0.491,0.406,0.539,0.741,0.543
IFF.N,0.388,0.59,0.467,0.424,0.303,0.216,0.665,0.614,0.657,0.655,0.511,0.677,0.337,0.881,0.321,0.327,0.392,0.697,0.228,0.469,0.186,0.378,0.107,0.705,0.04,0.475,0.455,0.554
KHC.OQ,0.069,0.901,0.956,0.21,0.071,0.081,0.851,0.947,0.917,0.901,0.719,0.891,0.21,0.77,0.222,0.227,0.354,0.695,0.115,0.699,0.617,0.711,0.432,0.145,0.913,0.251,0.382,0.046
HBAN.OQ,0.669,0.376,0.935,0.929,0.725,0.661,0.846,0.606,0.111,0.162,0.984,0.842,0.814,0.982,0.749,0.045,0.651,0.673,0.139,0.364,0.407,0.384,0.115,0.717,0.057,0.861,0.747,0.376
ED.N,0.046,0.978,0.917,0.042,0.117,0.117,0.198,0.915,0.905,0.949,0.303,0.899,0.032,0.271,0.004,0.134,0.42,0.861,0.236,0.554,0.73,0.491,0.838,0.042,0.616,0.602,0.83,0.168
MSFT.OQ,0.41,0.671,0.01,0.004,0.182,0.154,0.287,0.596,0.947,0.917,0.053,0.38,0.137,0.065,0.152,0.907,0.913,0.097,0.875,0.998,0.962,0.996,0.897,0.594,0.947,0.018,0.067,0.636
YUM.N,0.438,0.505,0.489,0.539,0.693,0.778,0.271,0.659,0.354,0.453,0.313,0.214,0.636,0.055,0.481,0.943,0.798,0.626,0.036,0.576,0.83,0.507,0.798,0.034,0.63,0.248,0.141,0.836
HD.N,0.44,0.515,0.2,0.396,0.295,0.444,0.273,0.792,0.681,0.725,0.097,0.085,0.509,0.143,0.503,0.945,0.374,0.305,1.0,0.964,0.739,0.937,0.392,0.372,0.424,0.356,0.659,0.513
ACGL.OQ,0.541,0.426,0.927,0.747,0.681,0.752,0.677,0.695,0.081,0.333,0.859,0.81,0.541,0.717,0.59,0.195,0.495,0.253,0.323,0.416,0.824,0.446,0.996,0.347,0.921,0.675,0.846,0.162
HPE.N,0.661,0.271,0.756,0.84,0.814,0.838,0.582,0.497,0.309,0.202,0.772,0.424,0.826,0.762,0.782,0.301,0.103,0.863,0.113,0.372,0.404,0.22,0.376,0.517,0.386,0.588,0.188,0.731
NEE.N,0.339,0.723,0.313,0.261,0.465,0.414,0.032,0.321,0.628,0.737,0.022,0.141,0.216,0.022,0.091,0.227,0.891,0.671,0.614,0.925,0.601,0.828,0.657,0.337,0.582,0.18,0.667,0.604
ABBV.N,0.103,0.848,0.743,0.172,0.121,0.125,0.354,0.863,0.83,0.875,0.515,0.889,0.095,0.364,0.24,0.821,0.762,0.545,0.945,0.958,0.143,0.917,0.826,0.065,0.051,0.077,0.511,0.341
MOH.N,0.341,0.711,0.287,0.267,0.352,0.358,0.307,0.584,0.691,0.778,0.428,0.669,0.281,0.408,0.263,0.473,0.087,0.459,0.764,0.343,0.974,0.253,0.725,0.358,0.832,0.687,0.501,0.143
EQIX.OQ,0.234,0.873,0.184,0.069,0.489,0.339,0.01,0.44,0.859,0.857,0.006,0.263,0.087,0.012,0.034,0.11,0.901,0.541,0.715,0.749,0.978,0.719,0.608,0.566,0.824,0.463,0.703,0.729
IBM.N,0.21,0.634,0.907,0.469,0.152,0.166,0.863,0.954,0.754,0.719,0.733,0.743,0.487,0.39,0.378,0.505,0.386,0.723,0.774,0.881,0.224,0.859,0.356,0.063,0.446,0.83,0.972,0.927
CNC.N,0.303,0.735,0.582,0.182,0.327,0.327,0.285,0.519,0.733,0.76,0.442,0.788,0.176,0.624,0.131,0.253,0.034,0.806,0.291,0.675,0.677,0.519,0.531,0.457,0.614,0.283,0.273,0.234
AON.N,0.311,0.653,0.497,0.297,0.392,0.305,0.701,0.667,0.515,0.636,0.61,0.491,0.614,0.479,0.61,0.565,0.768,0.44,0.036,0.754,0.956,0.657,0.909,0.105,0.741,0.036,0.107,0.366
TAP.N,0.226,0.756,0.996,0.495,0.119,0.178,0.909,0.766,0.642,0.606,0.853,0.861,0.448,0.919,0.515,0.2,0.152,0.836,0.097,0.089,0.887,0.244,0.677,0.309,0.998,0.873,0.964,0.586
NDSN.OQ,0.574,0.329,0.38,0.644,0.523,0.545,0.327,0.624,0.525,0.479,0.311,0.285,0.547,0.22,0.42,0.782,0.786,0.125,0.735,0.192,0.374,0.036,0.665,0.384,0.57,0.515,0.802,0.606
A.N,0.376,0.566,0.18,0.285,0.333,0.19,0.436,0.455,0.703,0.764,0.261,0.552,0.251,0.552,0.37,0.798,0.836,0.145,0.834,0.657,0.196,0.392,0.533,0.558,0.133,0.267,0.453,0.574
AEP.OQ,0.101,0.964,0.865,0.125,0.149,0.139,0.257,0.881,0.79,0.869,0.329,0.776,0.119,0.325,0.065,0.153,0.487,0.871,0.329,0.697,0.592,0.669,0.616,0.133,0.364,0.479,0.519,0.083
RJF.N,0.519,0.529,0.691,0.56,0.313,0.297,0.998,0.63,0.374,0.451,0.998,1.0,0.38,0.976,0.545,0.127,0.372,0.97,0.428,0.414,0.18,0.192,0.521,0.541,0.061,0.638,0.752,0.632
TT.N,0.489,0.661,0.596,0.535,0.786,0.715,0.051,0.315,0.392,0.418,0.206,0.333,0.388,0.354,0.325,0.543,0.473,0.283,0.78,0.602,0.263,0.614,0.529,0.4,0.656,0.321,0.491,0.943
OXY.N,0.78,0.113,0.675,0.822,0.232,0.471,0.917,0.376,0.285,0.141,0.929,0.469,0.966,0.877,0.988,0.188,0.291,0.602,0.325,0.739,0.287,0.768,0.958,0.861,0.257,0.958,0.832,0.22
AJG.N,0.251,0.749,0.628,0.408,0.428,0.455,0.424,0.743,0.523,0.57,0.436,0.519,0.471,0.178,0.598,0.505,0.731,0.354,0.642,0.608,0.968,0.473,0.992,0.135,0.968,0.022,0.089,0.515
J.N,0.356,0.693,0.82,0.521,0.426,0.461,0.248,0.426,0.511,0.444,0.537,0.626,0.408,0.768,0.295,0.389,0.168,0.493,0.444,0.234,0.448,0.053,0.246,0.287,0.679,0.309,0.624,0.582
EXPE.OQ,0.97,0.057,0.218,0.899,0.935,0.958,0.634,0.107,0.069,0.063,0.549,0.089,0.923,0.521,0.913,0.078,0.218,0.812,0.743,0.196,0.216,0.632,0.147,0.913,0.442,0.812,0.291,0.717
ADBE.OQ,0.539,0.582,0.014,0.077,0.446,0.255,0.2,0.164,0.84,0.735,0.057,0.325,0.168,0.469,0.283,0.952,0.925,0.081,0.891,0.913,0.02,0.962,0.261,0.802,0.164,0.172,0.063,0.271
CRM.N,0.638,0.424,0.022,0.257,0.265,0.283,0.78,0.477,0.739,0.624,0.384,0.416,0.495,0.501,0.596,0.358,0.705,0.2,0.388,0.891,0.741,0.925,0.558,0.838,0.838,0.226,0.014,0.436
LNC.N,0.998,0.028,0.43,0.903,0.822,0.992,0.857,0.398,0.042,0.042,0.863,0.228,0.984,0.867,0.917,0.034,0.018,0.945,0.412,0.004,0.36,0.067,0.026,0.978,0.37,0.855,0.248,0.343
TMO.N,0.188,0.851,0.125,0.038,0.206,0.111,0.22,0.307,0.911,0.915,0.178,0.758,0.055,0.244,0.109,0.966,0.752,0.313,0.685,0.943,0.024,0.905,0.766,0.402,0.121,0.071,0.309,0.685
TFX.N,0.552,0.451,0.307,0.491,0.927,0.895,0.057,0.127,0.475,0.384,0.121,0.168,0.434,0.063,0.539,0.587,0.693,0.339,0.497,0.127,0.556,0.044,0.125,0.614,0.301,0.739,0.618,0.158
PGR.N,0.061,0.945,0.84,0.123,0.093,0.061,0.541,0.895,0.907,0.905,0.58,0.905,0.101,0.396,0.067,0.178,0.285,0.194,0.697,0.8,0.147,0.776,0.832,0.279,0.592,0.004,0.022,0.879
MAR.OQ,0.859,0.206,0.323,0.885,0.899,0.881,0.81,0.265,0.147,0.127,0.747,0.406,0.818,0.64,0.851,0.261,0.459,0.448,0.982,0.679,0.879,0.766,0.812,0.576,0.651,0.473,0.547,0.527
SHW.N,0.323,0.667,0.265,0.307,0.291,0.273,0.16,0.814,0.743,0.784,0.024,0.143,0.23,0.154,0.23,0.657,0.515,0.38,0.956,0.752,0.855,0.667,0.251,0.636,0.356,0.083,0.093,0.257
SLB.N,0.636,0.107,0.857,0.889,0.42,0.519,0.921,0.352,0.212,0.101,0.966,0.529,0.972,0.931,0.982,0.28,0.517,0.418,0.62,0.798,0.277,0.792,0.814,0.897,0.127,0.428,0.253,0.479
HRL.N,0.002,0.988,0.766,0.03,0.002,0.002,0.685,0.994,1.0,1.0,0.455,0.984,0.014,0.277,0.03,0.525,0.362,0.317,0.535,0.448,0.575,0.081,0.309,0.032,0.766,0.529,0.897,0.703
EXPD.OQ,0.214,0.762,0.446,0.271,0.507,0.279,0.152,0.83,0.784,0.762,0.133,0.386,0.257,0.63,0.273,0.941,0.133,0.012,0.661,0.269,0.754,0.489,0.487,0.503,0.669,0.923,0.869,0.82
BIO.N,0.325,0.622,0.105,0.137,0.436,0.186,0.137,0.131,0.806,0.788,0.113,0.6,0.091,0.584,0.228,0.182,0.713,0.244,0.202,0.149,0.009,0.024,0.166,0.82,0.055,0.22,0.097,0.673
FRT.N,0.675,0.467,0.699,0.875,0.846,0.889,0.404,0.285,0.137,0.22,0.574,0.394,0.659,0.663,0.859,0.203,0.869,0.77,0.481,0.042,0.297,0.018,0.216,0.356,0.291,0.721,0.822,0.119
HAL.N,0.857,0.018,0.695,0.941,0.616,0.828,0.891,0.202,0.095,0.008,0.905,0.176,1.0,0.725,0.996,0.291,0.339,0.501,0.655,0.57,0.38,0.531,0.782,0.919,0.038,0.669,0.376,0.149
PRU.N,0.962,0.053,0.814,0.962,0.851,0.935,0.881,0.325,0.024,0.048,0.964,0.547,0.968,0.903,0.861,0.038,0.077,0.925,0.382,0.58,0.356,0.483,0.158,0.404,0.261,0.657,0.903,0.778
MCD.N,0.168,0.644,0.604,0.418,0.222,0.253,0.669,0.964,0.723,0.79,0.44,0.564,0.42,0.087,0.208,0.743,0.883,0.414,0.036,0.935,0.931,0.903,0.919,0.004,0.776,0.156,0.451,0.758
WAB.N,0.693,0.313,0.693,0.958,0.659,0.717,0.63,0.388,0.089,0.19,0.832,0.471,0.859,0.646,0.855,0.505,0.416,0.489,0.289,0.321,0.436,0.152,0.855,0.327,0.362,0.337,0.651,0.697
TSLA.OQ,0.901,0.174,0.038,0.434,0.552,0.705,0.475,0.253,0.394,0.382,0.222,0.071,0.711,0.053,0.653,0.749,0.78,0.046,0.865,0.978,0.04,1.0,0.614,0.982,0.749,0.737,0.004,0.871
AES.N,0.733,0.046,0.291,0.853,0.608,0.707,0.723,0.141,0.255,0.259,0.529,0.137,0.853,0.323,0.756,0.267,0.283,0.911,0.721,0.341,0.427,0.214,0.394,0.61,0.244,0.594,0.784,0.901
AME.N,0.612,0.202,0.731,0.687,0.396,0.434,0.552,0.671,0.388,0.455,0.56,0.436,0.612,0.382,0.745,0.636,0.794,0.178,0.624,0.535,0.665,0.327,0.741,0.154,0.905,0.123,0.356,0.535
CRL.N,0.863,0.097,0.103,0.485,0.939,0.893,0.166,0.067,0.261,0.224,0.212,0.188,0.529,0.376,0.741,0.565,0.525,0.576,0.604,0.119,0.203,0.127,0.139,0.851,0.392,0.598,0.091,0.331
HOLX.OQ,0.321,0.446,0.244,0.42,0.386,0.374,0.095,0.646,0.586,0.741,0.228,0.299,0.446,0.044,0.632,0.865,0.644,0.4,0.574,0.325,0.653,0.396,0.857,0.192,0.471,0.782,0.901,0.145
LVS.N,0.523,0.281,0.246,0.679,0.517,0.36,0.871,0.279,0.499,0.354,0.81,0.772,0.519,0.665,0.822,0.016,0.927,0.76,0.859,0.582,0.721,0.594,0.655,0.883,0.289,0.655,0.707,0.996
BBWI.N,0.911,0.141,0.204,0.784,0.859,0.875,0.347,0.465,0.186,0.309,0.37,0.046,0.903,0.44,0.82,0.768,0.232,0.776,0.036,0.077,0.329,0.119,0.236,0.949,0.156,0.966,0.711,0.483
EMN.N,0.855,0.061,0.764,0.895,0.745,0.806,0.699,0.095,0.097,0.046,0.749,0.267,0.929,0.895,0.941,0.522,0.143,0.786,0.283,0.079,0.291,0.071,0.065,0.655,0.414,0.329,0.174,0.311
NI.N,0.176,0.8,0.905,0.263,0.251,0.281,0.143,0.768,0.705,0.794,0.162,0.501,0.2,0.242,0.069,0.139,0.364,0.885,0.214,0.135,0.558,0.117,0.693,0.186,0.644,0.521,0.184,0.103
LMT.N,0.127,0.818,0.911,0.23,0.057,0.133,0.44,0.941,0.794,0.834,0.659,0.76,0.366,0.57,0.267,0.721,0.358,0.204,0.881,0.885,0.061,0.798,0.719,0.079,0.079,0.271,0.497,0.319
NOW.N,0.665,0.483,0.018,0.228,0.626,0.428,0.267,0.246,0.624,0.721,0.091,0.396,0.17,0.166,0.537,0.705,0.956,0.065,0.943,0.806,0.909,0.812,0.642,0.907,0.467,0.517,0.58,0.824
CHTR.OQ,0.354,0.618,0.305,0.287,0.77,0.598,0.172,0.22,0.669,0.665,0.067,0.194,0.301,0.125,0.22,0.195,0.156,0.947,0.731,0.709,0.139,0.818,0.069,0.78,0.707,0.956,0.925,0.034
NWSA.OQ,0.501,0.491,0.491,0.648,0.568,0.396,0.794,0.143,0.307,0.37,0.939,0.931,0.475,0.915,0.78,0.264,0.161,0.609,0.165,0.098,0.585,0.014,0.135,0.687,0.814,0.412,0.444,0.572
HIG.N,0.549,0.23,0.808,0.828,0.592,0.729,0.764,0.689,0.23,0.337,0.844,0.582,0.784,0.851,0.64,0.158,0.184,0.406,0.301,0.428,0.552,0.208,0.622,0.226,0.622,0.216,0.311,0.295
GPC.N,0.404,0.713,0.913,0.606,0.461,0.543,0.402,0.844,0.347,0.412,0.838,0.8,0.521,0.741,0.493,0.465,0.196,0.309,0.784,0.44,0.758,0.418,0.917,0.093,0.792,0.626,0.725,0.893
ENPH.OQ,0.893,0.085,0.051,0.671,0.628,0.659,0.465,0.184,0.422,0.349,0.127,0.026,0.737,0.071,0.873,0.911,0.998,0.095,0.992,0.574,0.026,0.927,0.842,0.994,0.036,0.859,0.075,0.982
POOL.OQ,0.364,0.646,0.149,0.319,0.331,0.325,0.097,0.509,0.834,0.743,0.044,0.212,0.246,0.105,0.317,0.505,0.352,0.285,0.867,0.131,0.689,0.41,0.323,0.806,0.485,0.98,0.982,0.451
WFC.N,0.622,0.325,0.859,0.776,0.709,0.648,0.956,0.693,0.226,0.24,0.976,0.877,0.703,0.978,0.693,0.053,0.598,0.937,0.099,0.917,0.524,0.941,0.311,0.535,0.174,0.057,0.081,0.414
VZ.N,0.01,0.974,0.97,0.085,0.089,0.059,0.485,0.861,0.97,0.962,0.576,0.978,0.034,0.628,0.077,0.422,0.222,0.899,0.311,0.923,0.444,0.844,0.073,0.067,0.723,0.137,0.073,0.069
COP.N,0.596,0.087,0.794,0.881,0.216,0.507,0.941,0.655,0.372,0.194,0.903,0.43,0.945,0.727,0.984,0.651,0.356,0.263,0.495,0.899,0.531,0.881,0.933,0.808,0.416,0.097,0.111,0.129
TSCO.OQ,0.238,0.537,0.242,0.358,0.077,0.129,0.895,0.909,0.875,0.848,0.543,0.56,0.491,0.368,0.491,0.752,0.329,0.113,0.911,0.444,0.838,0.677,0.844,0.537,0.317,0.867,0.838,0.184
GLW.N,0.477,0.612,0.531,0.529,0.578,0.404,0.576,0.713,0.469,0.572,0.739,0.784,0.436,0.796,0.457,0.379,0.337,0.56,0.408,0.477,0.303,0.412,0.154,0.374,0.071,0.287,0.533,0.677
ILMN.OQ,0.628,0.396,0.069,0.343,0.877,0.638,0.208,0.228,0.659,0.463,0.123,0.2,0.406,0.131,0.356,0.527,0.842,0.129,0.659,0.531,0.091,0.673,0.152,0.947,0.279,0.715,0.723,0.461
JKHY.OQ,0.107,0.891,0.424,0.081,0.083,0.113,0.592,0.871,0.925,0.929,0.479,0.859,0.117,0.291,0.354,0.814,0.834,0.063,0.844,0.158,0.796,0.398,0.525,0.382,0.594,0.802,0.857,0.063
ZBH.N,0.715,0.22,0.372,0.78,0.768,0.808,0.461,0.299,0.16,0.279,0.57,0.273,0.76,0.257,0.81,0.414,0.663,0.477,0.37,0.471,0.844,0.382,0.269,0.194,0.576,0.406,0.485,0.511
FOXA.OQ,0.337,0.638,0.661,0.61,0.339,0.406,0.624,0.513,0.537,0.471,0.822,0.782,0.517,0.58,0.701,0.452,0.203,0.827,0.193,0.249,0.343,0.317,0.277,0.463,0.263,0.784,0.758,0.053
TTWO.OQ,0.152,0.838,0.131,0.186,0.471,0.222,0.295,0.309,0.923,0.842,0.149,0.467,0.198,0.123,0.232,0.612,0.675,0.446,0.295,0.295,0.81,0.545,0.291,0.752,0.525,0.887,0.721,0.354
FFIV.OQ,0.42,0.485,0.208,0.519,0.317,0.386,0.453,0.537,0.737,0.681,0.257,0.279,0.493,0.392,0.517,0.715,0.574,0.111,0.549,0.051,0.245,0.234,0.176,0.479,0.848,0.774,0.78,0.283
AVY.N,0.481,0.608,0.634,0.552,0.477,0.43,0.408,0.592,0.44,0.477,0.713,0.731,0.485,0.891,0.224,0.659,0.297,0.471,0.804,0.216,0.451,0.145,0.17,0.446,0.479,0.592,0.683,0.519
CNP.N,0.663,0.269,0.594,0.651,0.366,0.59,0.491,0.663,0.188,0.319,0.432,0.063,0.897,0.188,0.727,0.148,0.39,0.875,0.309,0.337,0.56,0.158,0.81,0.109,0.422,0.495,0.689,0.333
BA.N,0.986,0.038,0.335,0.897,0.994,0.998,0.406,0.046,0.012,0.006,0.646,0.099,0.954,0.327,0.826,0.018,0.331,0.802,0.036,0.863,0.149,0.867,0.499,0.826,0.457,0.4,0.055,0.689
CAT.N,0.333,0.501,0.988,0.665,0.347,0.341,0.907,0.525,0.531,0.329,0.958,0.806,0.741,0.96,0.705,0.483,0.412,0.616,0.822,0.877,0.103,0.877,0.418,0.527,0.17,0.455,0.59,0.768
KEY.N,0.869,0.19,0.828,0.994,0.871,0.899,0.731,0.414,0.075,0.067,0.941,0.586,0.911,0.952,0.83,0.091,0.596,0.941,0.145,0.259,0.325,0.525,0.032,0.939,0.202,0.636,0.263,0.794
DVA.N,0.2,0.84,0.574,0.293,0.4,0.257,0.392,0.323,0.725,0.754,0.711,0.895,0.204,0.84,0.214,0.374,0.075,0.921,0.907,0.018,0.899,0.03,0.285,0.903,0.818,0.79,0.796,0.004
CMS.N,0.087,0.966,0.887,0.063,0.204,0.184,0.099,0.84,0.818,0.865,0.154,0.719,0.057,0.269,0.022,0.145,0.41,0.859,0.455,0.323,0.543,0.287,0.463,0.121,0.554,0.572,0.582,0.246
CDAY.N,0.881,0.18,0.044,0.602,0.881,0.719,0.343,0.224,0.319,0.352,0.174,0.184,0.489,0.378,0.731,0.036,0.881,0.287,0.667,0.081,0.123,0.19,0.267,0.935,0.176,0.976,0.988,0.77
MMM.N,0.133,0.889,0.867,0.362,0.244,0.172,0.277,0.756,0.826,0.772,0.558,0.796,0.22,0.689,0.218,0.729,0.345,0.535,0.657,0.772,0.372,0.701,0.002,0.331,0.269,0.719,0.885,0.628
PARA.OQ,0.772,0.232,0.253,0.76,0.774,0.851,0.376,0.044,0.352,0.178,0.632,0.335,0.743,0.566,0.857,0.251,0.036,0.958,0.079,0.115,0.214,0.616,0.123,0.976,0.026,1.0,0.98,0.285
VRSK.OQ,0.244,0.754,0.168,0.105,0.192,0.218,0.341,0.588,0.883,0.909,0.065,0.448,0.131,0.014,0.129,0.673,0.96,0.269,0.919,0.483,0.958,0.612,0.853,0.289,0.939,0.214,0.168,0.61
RL.N,0.735,0.222,0.521,0.859,0.903,0.723,0.711,0.156,0.105,0.204,0.786,0.588,0.725,0.721,0.77,0.537,0.182,0.574,0.515,0.022,0.402,0.048,0.372,0.747,0.473,0.972,0.919,0.679
CF.N,0.436,0.368,0.747,0.792,0.198,0.424,0.745,0.578,0.4,0.374,0.784,0.265,0.943,0.792,0.927,0.505,0.275,0.384,0.572,0.277,0.253,0.333,0.752,0.857,0.095,0.648,0.172,0.006
PG.N,0.024,0.986,0.812,0.002,0.038,0.028,0.416,0.933,0.974,0.982,0.325,0.974,0.004,0.352,0.002,0.724,0.711,0.206,0.828,0.972,0.808,0.943,0.739,0.022,0.618,0.034,0.404,0.485
AAP.N,0.497,0.564,0.457,0.507,0.384,0.525,0.321,0.828,0.463,0.461,0.63,0.509,0.62,0.739,0.622,0.411,0.117,0.356,0.529,0.053,0.709,0.186,0.131,0.673,0.453,0.929,0.552,0.214
TXN.OQ,0.248,0.626,0.216,0.238,0.147,0.087,0.604,0.57,0.832,0.804,0.663,0.828,0.267,0.634,0.404,0.996,0.859,0.127,0.879,0.903,0.063,0.964,0.321,0.386,0.089,0.683,0.834,0.853
URI.N,0.988,0.022,0.408,0.96,0.816,0.947,0.663,0.178,0.107,0.014,0.715,0.109,0.976,0.719,0.949,0.56,0.414,0.689,0.58,0.442,0.009,0.598,0.606,0.79,0.028,0.943,0.935,0.869
EA.OQ,0.085,0.853,0.263,0.147,0.224,0.137,0.242,0.754,0.935,0.867,0.109,0.414,0.194,0.081,0.291,0.802,0.729,0.133,0.616,0.547,0.76,0.749,0.416,0.184,0.319,0.366,0.38,0.865
CL.N,0.012,0.98,0.869,0.022,0.032,0.02,0.418,0.958,0.968,0.99,0.347,0.945,0.02,0.515,0.01,0.883,0.634,0.277,0.998,0.768,0.768,0.8,0.457,0.012,0.964,0.111,0.212,0.16
ANSS.OQ,0.691,0.469,0.024,0.141,0.475,0.242,0.281,0.172,0.727,0.717,0.119,0.477,0.18,0.23,0.194,0.655,0.947,0.091,0.64,0.38,0.034,0.42,0.469,0.703,0.024,0.176,0.158,0.954
PNW.N,0.261,0.733,0.824,0.43,0.531,0.539,0.103,0.709,0.529,0.659,0.115,0.154,0.455,0.067,0.238,0.172,0.38,0.901,0.182,0.048,0.612,0.01,0.436,0.149,0.638,0.483,0.269,0.178
FDS.N,0.301,0.683,0.303,0.216,0.273,0.352,0.412,0.541,0.848,0.745,0.038,0.149,0.293,0.028,0.162,0.861,0.889,0.303,0.893,0.236,0.127,0.133,0.834,0.352,0.277,0.313,0.156,0.802
ISRG.OQ,0.972,0.172,0.073,0.426,0.998,0.98,0.03,0.034,0.287,0.236,0.026,0.014,0.624,0.018,0.41,0.794,0.986,0.012,0.826,0.836,0.993,0.889,0.735,0.719,0.788,0.127,0.103,0.356
MSI.N,0.293,0.721,0.533,0.305,0.343,0.212,0.507,0.545,0.648,0.701,0.547,0.802,0.212,0.683,0.204,0.762,0.76,0.327,0.036,0.642,0.873,0.505,0.972,0.261,0.646,0.095,0.299,0.317
AWK.N,0.236,0.913,0.465,0.083,0.434,0.376,0.028,0.529,0.747,0.836,0.034,0.495,0.063,0.18,0.032,0.158,0.855,0.717,0.556,0.485,0.703,0.283,0.535,0.222,0.501,0.576,0.875,0.289
RTX.N,0.673,0.305,0.836,0.871,0.564,0.711,0.642,0.469,0.121,0.196,0.788,0.41,0.848,0.651,0.733,0.24,0.422,0.495,0.352,0.901,0.43,0.774,0.715,0.166,0.172,0.038,0.446,0.275
CMA.N,0.727,0.303,0.768,0.976,0.596,0.604,0.978,0.479,0.156,0.139,0.986,0.812,0.861,0.988,0.907,0.082,0.657,0.747,0.261,0.057,0.131,0.349,0.059,0.962,0.188,0.624,0.279,0.667
CB.N,0.343,0.539,0.964,0.691,0.378,0.517,0.725,0.848,0.349,0.515,0.816,0.749,0.556,0.705,0.467,0.158,0.404,0.392,0.319,0.83,0.77,0.717,0.784,0.087,0.64,0.006,0.03,0.309
MET.N,0.842,0.101,0.952,0.923,0.707,0.83,0.943,0.461,0.036,0.099,0.994,0.79,0.925,0.949,0.838,0.056,0.111,0.768,0.4,0.729,0.2,0.709,0.218,0.305,0.022,0.295,0.495,0.842
AVGO.OQ,0.8,0.071,0.117,0.533,0.749,0.766,0.19,0.408,0.402,0.372,0.188,0.03,0.796,0.089,0.644,0.931,0.853,0.412,0.871,0.947,0.368,0.976,0.97,0.568,0.624,0.362,0.406,0.261
FTNT.OQ,0.689,0.168,0.055,0.277,0.406,0.451,0.705,0.451,0.711,0.586,0.158,0.19,0.481,0.438,0.737,0.747,0.931,0.079,0.036,0.594,0.632,0.758,0.947,0.889,0.739,0.564,0.653,0.846
PNR.N,0.752,0.503,0.459,0.709,0.834,0.954,0.04,0.149,0.174,0.212,0.293,0.139,0.687,0.448,0.802,0.735,0.327,0.64,0.477,0.03,0.737,0.131,0.36,0.618,0.943,0.903,0.931,0.345
APD.N,0.224,0.703,0.503,0.198,0.43,0.23,0.659,0.543,0.699,0.646,0.588,0.818,0.202,0.505,0.281,0.568,0.8,0.251,0.703,0.784,0.413,0.57,0.42,0.295,0.331,0.242,0.378,0.99
AMD.OQ,0.812,0.301,0.042,0.299,0.925,0.725,0.101,0.182,0.634,0.446,0.111,0.117,0.507,0.145,0.366,0.992,0.723,0.075,0.317,0.848,0.365,0.986,0.83,0.954,0.853,0.6,0.002,0.154
CBRE.N,0.909,0.24,0.525,0.802,0.941,0.974,0.196,0.059,0.051,0.065,0.426,0.291,0.669,0.772,0.685,0.587,0.113,0.281,0.509,0.436,0.649,0.224,0.299,0.58,0.768,0.513,0.764,0.616
PH.N,0.958,0.063,0.612,0.968,0.863,0.917,0.57,0.287,0.004,0.018,0.741,0.206,0.949,0.735,0.958,0.653,0.434,0.675,0.608,0.588,0.121,0.59,0.598,0.471,0.673,0.234,0.192,0.752
ADP.OQ,0.38,0.699,0.564,0.414,0.24,0.564,0.216,0.711,0.596,0.63,0.404,0.479,0.473,0.149,0.2,0.329,0.818,0.083,0.976,0.84,0.211,0.816,0.737,0.212,0.574,0.352,0.709,0.59
NWL.OQ,0.58,0.554,0.598,0.638,0.432,0.416,0.766,0.505,0.428,0.422,0.774,0.707,0.564,0.947,0.408,0.339,0.065,0.927,0.19,0.006,0.358,0.032,0.014,0.832,0.008,0.941,0.879,0.766
KO.N,0.117,0.899,0.992,0.206,0.218,0.299,0.182,0.887,0.58,0.786,0.396,0.752,0.184,0.404,0.236,0.665,0.838,0.337,0.899,0.954,0.649,0.895,0.8,0.008,0.689,0.073,0.513,0.58
ADSK.OQ,0.826,0.263,0.065,0.392,0.655,0.436,0.463,0.263,0.418,0.438,0.319,0.451,0.418,0.745,0.606,0.774,0.877,0.158,0.98,0.624,0.19,0.697,0.265,0.855,0.61,0.299,0.071,0.822
BRO.N,0.309,0.76,0.388,0.259,0.362,0.317,0.493,0.586,0.6,0.687,0.463,0.747,0.214,0.38,0.319,0.505,0.735,0.566,0.564,0.257,0.826,0.24,0.887,0.412,0.966,0.315,0.681,0.279
ATO.N,0.095,0.941,0.949,0.117,0.099,0.145,0.352,0.923,0.881,0.871,0.352,0.824,0.093,0.358,0.075,0.224,0.642,0.772,0.24,0.242,0.774,0.23,0.796,0.117,0.796,0.931,0.976,0.448
EVRG.OQ,0.206,0.836,0.844,0.24,0.226,0.206,0.384,0.853,0.618,0.776,0.39,0.604,0.319,0.483,0.168,0.167,0.475,0.873,0.208,0.21,0.625,0.123,0.517,0.141,0.552,0.107,0.006,0.087
SCHW.N,0.39,0.527,0.689,0.513,0.186,0.22,0.99,0.737,0.606,0.566,0.996,0.998,0.404,0.998,0.402,0.056,0.861,0.972,0.602,0.911,0.321,0.893,0.212,0.792,0.325,0.174,0.556,0.549
CAG.N,0.032,0.949,0.802,0.048,0.016,0.036,0.636,0.984,0.972,0.968,0.608,0.968,0.046,0.513,0.04,0.321,0.287,0.756,0.368,0.331,0.473,0.248,0.505,0.057,0.396,0.554,0.463,0.772
GOOGL.OQ,0.483,0.459,0.026,0.119,0.275,0.269,0.422,0.188,0.756,0.711,0.38,0.608,0.305,0.347,0.459,0.936,0.678,0.054,0.627,0.995,0.917,0.988,0.648,0.733,0.962,0.04,0.105,0.127
DD.N,0.64,0.42,0.723,0.758,0.653,0.521,0.606,0.242,0.293,0.198,0.881,0.721,0.685,0.883,0.84,0.242,0.485,0.659,0.18,0.556,0.198,0.533,0.226,0.455,0.111,0.899,0.984,0.848
JPM.N,0.531,0.463,0.941,0.725,0.721,0.541,0.992,0.701,0.277,0.331,0.988,0.943,0.673,0.994,0.588,0.082,0.788,0.998,0.176,0.98,0.743,0.974,0.253,0.349,0.343,0.028,0.19,0.76
AZO.N,0.208,0.776,0.57,0.295,0.2,0.208,0.455,0.943,0.715,0.812,0.642,0.725,0.384,0.477,0.307,0.855,0.509,0.315,0.036,0.673,0.993,0.6,0.99,0.216,0.857,0.535,0.422,0.364
SYK.N,0.739,0.285,0.362,0.616,0.81,0.883,0.194,0.297,0.214,0.341,0.301,0.275,0.545,0.279,0.511,0.634,0.778,0.325,0.719,0.834,0.726,0.691,0.774,0.376,0.067,0.489,0.883,0.358
WEC.N,0.079,0.982,0.877,0.034,0.18,0.156,0.129,0.865,0.855,0.891,0.216,0.838,0.038,0.285,0.012,0.21,0.572,0.792,0.453,0.505,0.484,0.242,0.475,0.119,0.273,0.448,0.701,0.335
SJM.N,0.008,0.996,0.881,0.02,0.004,0.006,0.824,0.998,0.994,0.996,0.677,0.99,0.026,0.495,0.014,0.379,0.378,0.582,0.341,0.281,0.549,0.315,0.711,0.04,0.931,0.84,0.851,0.044
KMB.N,0.034,0.992,0.832,0.036,0.04,0.038,0.246,0.978,0.966,0.972,0.18,0.885,0.008,0.206,0.02,0.702,0.426,0.432,0.996,0.665,0.881,0.58,0.638,0.01,0.784,0.616,0.881,0.426
NKE.N,0.651,0.37,0.162,0.479,0.59,0.558,0.305,0.261,0.453,0.408,0.341,0.218,0.655,0.194,0.301,0.831,0.653,0.123,0.895,0.931,0.524,0.869,0.438,0.739,0.281,0.164,0.125,0.743
BBY.N,0.699,0.366,0.277,0.57,0.259,0.364,0.562,0.566,0.541,0.503,0.572,0.242,0.79,0.614,0.818,0.758,0.038,0.162,0.739,0.303,0.316,0.285,0.127,0.776,0.491,0.911,0.578,0.705
MO.N,0.111,0.905,0.982,0.317,0.168,0.174,0.529,0.824,0.717,0.774,0.776,0.901,0.273,0.875,0.196,0.901,0.582,0.636,0.036,0.814,0.582,0.683,0.39,0.176,0.428,0.182,0.352,0.01
BEN.N,0.564,0.598,0.543,0.566,0.78,0.489,0.36,0.133,0.477,0.345,0.665,0.808,0.303,0.937,0.604,0.461,0.299,0.879,0.131,0.174,0.41,0.141,0.182,0.661,0.069,0.897,0.968,0.804
SYF.N,0.96,0.208,0.578,0.978,0.992,0.996,0.38,0.111,0.006,0.01,0.76,0.337,0.881,0.834,0.879,0.28,0.145,0.976,0.133,0.222,0.423,0.428,0.119,0.842,0.139,0.844,0.695,0.661
CTVA.N,0.349,0.461,0.733,0.711,0.248,0.228,0.97,0.725,0.473,0.517,0.954,0.848,0.657,0.964,0.657,0.23,0.461,0.154,0.248,0.636,0.345,0.331,0.828,0.362,0.236,0.131,0.343,0.608
MDT.N,0.299,0.61,0.626,0.549,0.354,0.388,0.442,0.648,0.602,0.618,0.503,0.475,0.549,0.236,0.501,0.546,0.594,0.598,0.327,0.844,0.842,0.826,0.085,0.204,0.523,0.162,0.069,0.02
COST.OQ,0.073,0.927,0.21,0.006,0.018,0.012,0.853,0.907,0.988,0.976,0.372,0.897,0.048,0.424,0.048,0.619,0.137,0.087,0.861,0.941,0.889,0.939,0.911,0.426,0.505,0.208,0.21,0.531
CTAS.OQ,0.778,0.41,0.248,0.558,0.715,0.665,0.339,0.329,0.234,0.315,0.323,0.236,0.618,0.204,0.875,0.81,0.81,0.147,0.921,0.669,0.766,0.556,0.974,0.21,0.863,0.345,0.737,0.79
PXD.N,0.535,0.143,0.719,0.824,0.234,0.4,0.988,0.687,0.426,0.23,0.923,0.521,0.941,0.927,0.976,0.691,0.408,0.216,0.416,0.719,0.671,0.727,0.808,0.766,0.087,0.644,0.418,0.085
TMUS.OQ,0.137,0.737,0.396,0.218,0.095,0.077,0.875,0.891,0.861,0.903,0.453,0.792,0.174,0.202,0.259,0.094,0.406,0.752,0.438,0.927,0.5,0.931,0.566,0.131,0.579,0.402,0.743,0.386
EIX.N,0.368,0.651,0.687,0.489,0.242,0.354,0.366,0.564,0.547,0.667,0.22,0.147,0.588,0.057,0.293,0.131,0.269,0.909,0.224,0.432,0.696,0.263,0.863,0.325,0.659,0.61,0.836,0.101
IT.N,0.81,0.154,0.339,0.675,0.667,0.79,0.448,0.216,0.265,0.293,0.477,0.303,0.679,0.101,0.614,0.661,0.77,0.208,0.036,0.465,0.158,0.319,0.913,0.493,0.802,0.41,0.612,0.733
ULTA.OQ,0.79,0.103,0.36,0.806,0.503,0.697,0.931,0.568,0.206,0.317,0.653,0.172,0.885,0.313,0.806,0.909,0.463,0.012,0.905,0.422,0.057,0.747,0.945,0.483,0.186,0.752,0.204,0.98
TDY.N,0.754,0.117,0.422,0.717,0.479,0.689,0.729,0.382,0.333,0.267,0.321,0.055,0.83,0.097,0.798,0.505,0.604,0.467,0.432,0.333,0.038,0.083,0.493,0.319,0.339,0.434,0.772,0.459
PTC.OQ,0.77,0.253,0.145,0.632,0.679,0.703,0.505,0.511,0.166,0.313,0.398,0.343,0.568,0.319,0.687,0.699,0.848,0.224,0.752,0.182,0.717,0.218,0.59,0.485,0.879,0.376,0.398,0.998
GWW.N,0.295,0.705,0.681,0.394,0.16,0.263,0.543,0.79,0.741,0.663,0.612,0.644,0.438,0.293,0.398,0.848,0.343,0.19,0.903,0.487,0.907,0.426,0.954,0.424,0.717,0.731,0.861,0.626
TFC.N,0.756,0.255,0.77,0.931,0.594,0.657,0.923,0.523,0.192,0.158,0.96,0.741,0.81,0.968,0.725,0.085,0.655,0.846,0.103,0.737,0.222,0.808,0.03,0.796,0.303,0.206,0.164,0.691
AVB.N,0.461,0.83,0.636,0.446,0.675,0.844,0.071,0.251,0.345,0.489,0.327,0.556,0.317,0.331,0.297,0.325,0.923,0.657,0.335,0.402,0.921,0.309,0.337,0.273,0.911,0.491,0.61,0.111
MRK.N,0.036,0.909,0.901,0.135,0.075,0.091,0.564,0.952,0.933,0.921,0.618,0.941,0.069,0.572,0.115,0.831,0.739,0.242,0.768,0.956,0.869,0.913,0.923,0.024,0.727,0.051,0.208,0.166
ROP.N,0.242,0.816,0.364,0.194,0.297,0.236,0.162,0.731,0.778,0.8,0.129,0.533,0.147,0.251,0.343,0.399,0.917,0.345,0.537,0.667,0.96,0.562,0.671,0.152,0.846,0.125,0.424,0.838
DG.N,0.065,0.887,0.384,0.051,0.022,0.032,0.913,0.976,0.978,0.964,0.513,0.893,0.089,0.261,0.107,0.597,0.277,0.236,0.855,0.727,0.861,0.651,0.636,0.398,0.426,0.465,0.129,0.986
ETN.N,0.588,0.576,0.798,0.701,0.56,0.663,0.527,0.82,0.356,0.368,0.697,0.592,0.594,0.537,0.418,0.54,0.556,0.331,0.584,0.756,0.489,0.62,0.772,0.299,0.812,0.255,0.602,0.56
HLT.N,0.818,0.234,0.271,0.879,0.879,0.855,0.842,0.311,0.178,0.186,0.673,0.315,0.8,0.511,0.697,0.219,0.691,0.57,0.036,0.56,0.705,0.517,0.764,0.525,0.297,0.461,0.562,0.681
NWS.OQ,0.566,0.4,0.493,0.693,0.687,0.554,0.707,0.087,0.222,0.301,0.913,0.865,0.533,0.842,0.842,0.264,0.161,0.609,0.165,0.098,0.588,0.002,0.206,0.695,0.804,0.257,0.412,0.44
MKTX.OQ,0.232,0.78,0.154,0.164,0.752,0.319,0.063,0.192,0.869,0.796,0.063,0.39,0.143,0.164,0.406,0.889,0.984,0.012,0.873,0.095,0.009,0.303,0.22,0.745,0.168,0.566,0.4,0.992
EW.N,0.586,0.493,0.123,0.309,0.782,0.537,0.396,0.075,0.549,0.547,0.214,0.428,0.299,0.259,0.269,0.887,0.905,0.051,0.812,0.671,0.792,0.588,0.6,0.697,0.703,0.723,0.679,0.079
IPG.N,0.806,0.236,0.697,0.891,0.937,0.941,0.495,0.442,0.071,0.087,0.836,0.598,0.758,0.871,0.766,0.343,0.212,0.562,0.582,0.164,0.537,0.558,0.76,0.396,0.586,0.764,0.745,0.37
DISH.OQ,0.931,0.083,0.267,0.741,0.651,0.699,0.822,0.083,0.283,0.091,0.638,0.356,0.729,0.711,0.905,0.349,0.055,0.966,0.073,0.032,0.352,0.051,0.004,0.99,0.242,0.954,0.974,0.935
WMT.N,0.026,0.96,0.513,0.016,0.012,0.004,0.83,0.97,0.996,0.998,0.6,0.982,0.03,0.592,0.036,0.473,0.091,0.307,0.707,0.976,0.79,0.907,0.687,0.2,0.685,0.008,0.267,0.277
HSIC.OQ,0.279,0.79,0.822,0.527,0.521,0.37,0.345,0.653,0.404,0.535,0.687,0.77,0.372,0.844,0.434,0.531,0.131,0.198,0.493,0.111,0.309,0.115,0.44,0.208,0.091,0.883,0.911,0.291
CTRA.N,0.154,0.895,0.739,0.325,0.154,0.17,0.754,0.826,0.871,0.758,0.735,0.879,0.265,0.885,0.335,0.604,0.4,0.257,0.212,0.345,0.564,0.275,0.851,0.834,0.475,0.895,0.687,0.028
FDX.N,0.446,0.307,0.299,0.503,0.358,0.287,0.877,0.489,0.614,0.562,0.545,0.453,0.598,0.648,0.414,0.418,0.059,0.774,0.299,0.644,0.423,0.644,0.228,0.812,0.337,0.622,0.321,0.749
F.N,0.875,0.287,0.345,0.848,0.869,0.863,0.521,0.255,0.2,0.117,0.644,0.301,0.788,0.707,0.79,0.137,0.024,0.99,0.119,0.659,0.476,0.733,0.683,0.859,0.438,0.788,0.442,0.263
DRI.N,0.947,0.026,0.275,0.909,0.705,0.853,0.788,0.699,0.135,0.216,0.606,0.067,0.958,0.2,0.881,0.594,0.311,0.259,0.83,0.279,0.255,0.345,0.659,0.315,0.62,0.685,0.473,0.897
WELL.N,0.76,0.137,0.475,0.857,0.711,0.794,0.616,0.345,0.123,0.242,0.382,0.057,0.879,0.436,0.844,0.051,0.804,0.749,0.232,0.521,0.806,0.36,0.679,0.39,0.885,0.697,0.739,0.501
NCLH.N,0.996,0.012,0.228,0.964,0.897,0.848,0.929,0.313,0.03,0.032,0.794,0.216,0.97,0.539,0.933,0.004,0.246,0.974,0.913,0.002,0.515,0.107,0.222,0.996,0.683,0.99,0.727,0.931
XYL.N,0.487,0.62,0.648,0.572,0.61,0.38,0.364,0.547,0.337,0.481,0.584,0.683,0.374,0.703,0.184,0.333,0.636,0.275,0.758,0.356,0.659,0.271,0.404,0.505,0.671,0.62,0.871,0.784
CDNS.OQ,0.681,0.382,0.012,0.168,0.364,0.333,0.18,0.331,0.745,0.707,0.042,0.073,0.41,0.046,0.299,0.929,0.974,0.059,0.935,0.655,0.238,0.788,0.978,0.638,0.149,0.19,0.275,0.786
EQT.N,0.273,0.808,0.527,0.323,0.236,0.251,0.772,0.626,0.822,0.638,0.745,0.883,0.269,0.909,0.473,0.098,0.295,0.679,0.154,0.147,0.645,0.329,0.883,0.945,0.701,0.968,0.8,0.04
LNT.OQ,0.135,0.937,0.903,0.133,0.22,0.232,0.154,0.859,0.766,0.806,0.273,0.655,0.178,0.303,0.063,0.219,0.602,0.824,0.378,0.202,0.642,0.17,0.465,0.158,0.56,0.293,0.362,0.293
LEN.N,0.941,0.091,0.166,0.786,0.776,0.859,0.069,0.366,0.139,0.277,0.059,0.006,0.802,0.048,0.903,0.737,0.127,0.487,0.129,0.459,0.859,0.465,0.754,0.693,0.709,0.875,0.865,0.634
JCI.N,0.614,0.525,0.602,0.657,0.762,0.861,0.204,0.101,0.251,0.222,0.519,0.392,0.622,0.297,0.717,0.317,0.317,0.453,0.467,0.653,0.665,0.537,0.491,0.509,0.909,0.269,0.402,0.646
EFX.N,0.616,0.657,0.202,0.378,0.887,0.671,0.018,0.024,0.554,0.465,0.032,0.186,0.234,0.17,0.446,0.592,0.725,0.533,0.77,0.42,0.711,0.343,0.368,0.675,0.715,0.871,0.927,0.41
LDOS.N,0.319,0.616,0.705,0.501,0.184,0.368,0.349,0.794,0.584,0.552,0.295,0.24,0.574,0.127,0.535,0.48,0.164,0.667,0.552,0.208,0.119,0.121,0.204,0.285,0.162,0.39,0.436,0.455
AMAT.OQ,0.978,0.077,0.099,0.592,0.945,0.877,0.125,0.057,0.295,0.188,0.236,0.129,0.648,0.519,0.747,0.96,0.57,0.16,0.786,0.818,0.234,0.919,0.574,0.877,0.774,0.386,0.178,0.638
NVR.N,0.725,0.277,0.196,0.695,0.713,0.687,0.168,0.507,0.424,0.467,0.073,0.028,0.642,0.111,0.764,0.917,0.267,0.166,0.669,0.218,0.993,0.299,0.792,0.533,0.432,0.511,0.608,0.642
RSG.N,0.105,0.897,0.804,0.174,0.111,0.115,0.414,0.903,0.816,0.887,0.305,0.717,0.156,0.299,0.145,0.347,0.562,0.592,0.612,0.628,0.891,0.414,0.929,0.038,0.996,0.024,0.135,0.212
MGM.N,0.992,0.006,0.194,0.966,0.958,0.994,0.651,0.154,0.067,0.02,0.527,0.032,0.982,0.238,0.931,0.028,0.17,0.907,0.463,0.162,0.432,0.39,0.701,0.865,0.384,0.778,0.535,0.578
DAL.N,0.937,0.289,0.4,0.911,1.0,0.984,0.487,0.234,0.018,0.057,0.727,0.511,0.733,0.586,0.602,0.02,0.057,0.954,0.634,0.382,0.463,0.636,0.301,0.758,0.511,0.81,0.43,0.909
CHD.N,0.03,0.954,0.58,0.012,0.03,0.03,0.509,0.931,0.986,0.974,0.182,0.826,0.028,0.356,0.097,0.628,0.63,0.291,0.709,0.352,0.846,0.295,0.663,0.107,0.952,0.325,0.39,0.038
SNPS.OQ,0.749,0.362,0.006,0.176,0.737,0.586,0.02,0.022,0.59,0.608,0.018,0.095,0.279,0.016,0.349,0.824,0.937,0.03,0.846,0.687,0.192,0.713,0.964,0.642,0.465,0.347,0.388,0.832
EXC.OQ,0.347,0.588,0.729,0.442,0.283,0.39,0.299,0.59,0.535,0.62,0.196,0.21,0.499,0.265,0.313,0.119,0.432,0.903,0.271,0.64,0.534,0.729,0.889,0.196,0.265,0.349,0.133,0.071
V.N,0.479,0.434,0.285,0.38,0.602,0.481,0.782,0.562,0.489,0.556,0.59,0.659,0.402,0.341,0.626,0.899,0.98,0.121,0.901,0.982,0.822,0.98,0.586,0.172,0.604,0.438,0.853,0.774
TPR.N,0.954,0.044,0.37,0.99,0.772,0.758,0.693,0.03,0.059,0.129,0.802,0.382,0.883,0.818,0.887,0.711,0.253,0.438,0.596,0.063,0.459,0.204,0.446,0.822,0.598,0.905,0.634,0.881
PHM.N,0.923,0.147,0.226,0.804,0.901,0.937,0.022,0.319,0.087,0.143,0.089,0.012,0.776,0.095,0.893,0.804,0.097,0.572,0.147,0.091,0.884,0.487,0.776,0.725,0.97,0.832,0.774,0.547
SRE.N,0.37,0.507,0.741,0.596,0.279,0.432,0.56,0.76,0.491,0.574,0.267,0.103,0.723,0.117,0.562,0.234,0.586,0.778,0.281,0.685,0.699,0.475,0.697,0.139,0.333,0.16,0.481,0.259
OMC.N,0.345,0.679,0.945,0.626,0.632,0.483,0.727,0.697,0.366,0.426,0.921,0.972,0.309,0.802,0.499,0.238,0.2,0.677,0.745,0.273,0.521,0.438,0.705,0.313,0.602,0.921,0.956,0.347
NSC.N,0.451,0.38,0.778,0.618,0.196,0.362,0.812,0.612,0.552,0.475,0.598,0.418,0.644,0.43,0.804,0.529,0.727,0.578,0.618,0.735,0.681,0.642,0.156,0.265,0.656,0.238,0.341,0.598
ADI.OQ,0.491,0.345,0.176,0.499,0.459,0.311,0.626,0.289,0.57,0.549,0.602,0.675,0.394,0.596,0.729,0.626,0.851,0.186,0.402,0.82,0.113,0.885,0.836,0.511,0.402,0.317,0.238,0.446
PYPL.OQ,0.721,0.392,0.02,0.283,0.64,0.495,0.358,0.2,0.63,0.511,0.208,0.388,0.323,0.471,0.57,0.49,0.539,0.343,0.592,0.812,0.117,0.958,0.016,0.899,0.178,0.547,0.059,0.994
ALB.N,0.798,0.333,0.329,0.699,0.861,0.547,0.586,0.244,0.113,0.182,0.762,0.699,0.558,0.899,0.713,0.285,0.719,0.319,0.568,0.455,0.042,0.762,0.79,0.937,0.83,0.796,0.448,0.958
HII.N,0.196,0.691,0.96,0.562,0.107,0.194,0.893,0.893,0.721,0.673,0.84,0.756,0.576,0.743,0.477,0.361,0.135,0.634,0.503,0.067,0.133,0.026,0.408,0.164,0.204,0.749,0.537,0.251
BXP.N,0.61,0.531,0.834,0.762,0.808,0.869,0.331,0.362,0.162,0.234,0.657,0.497,0.665,0.758,0.683,0.125,0.606,0.915,0.257,0.103,0.273,0.091,0.008,0.646,0.335,0.772,0.438,0.186
HPQ.N,0.707,0.44,0.341,0.683,0.855,0.836,0.291,0.333,0.323,0.297,0.422,0.178,0.749,0.497,0.659,0.667,0.048,0.745,0.036,0.461,0.517,0.388,0.426,0.667,0.517,0.814,0.79,0.36
PEG.N,0.263,0.642,0.806,0.372,0.281,0.485,0.214,0.778,0.644,0.653,0.21,0.208,0.511,0.091,0.277,0.806,0.56,0.838,0.404,0.515,0.63,0.277,0.568,0.162,0.596,0.154,0.127,0.131
KEYS.N,0.24,0.778,0.143,0.248,0.261,0.147,0.523,0.531,0.842,0.851,0.376,0.83,0.103,0.612,0.246,0.881,0.808,0.143,0.808,0.517,0.115,0.368,0.653,0.523,0.579,0.485,0.665,0.558
WRK.N,0.543,0.335,0.842,0.697,0.374,0.337,0.98,0.493,0.483,0.366,0.937,0.78,0.721,0.984,0.451,0.275,0.053,0.897,0.089,0.061,0.392,0.046,0.022,0.715,0.053,0.436,0.42,0.412
SO.N,0.178,0.859,0.933,0.265,0.208,0.214,0.297,0.776,0.695,0.792,0.345,0.602,0.283,0.432,0.119,0.164,0.503,0.853,0.436,0.802,0.715,0.628,0.707,0.061,0.572,0.246,0.428,0.067
VMC.N,0.527,0.436,0.606,0.705,0.739,0.786,0.164,0.463,0.339,0.38,0.416,0.269,0.671,0.374,0.339,0.331,0.58,0.416,0.541,0.418,0.964,0.297,0.58,0.414,0.988,0.236,0.432,0.64
AXP.N,0.907,0.214,0.566,0.816,0.913,0.871,0.915,0.24,0.079,0.123,0.869,0.549,0.824,0.754,0.792,0.259,0.396,0.952,0.636,0.861,0.107,0.778,0.527,0.56,0.206,0.087,0.392,0.762
EXR.N,0.335,0.77,0.386,0.339,0.582,0.733,0.121,0.402,0.677,0.691,0.069,0.23,0.271,0.214,0.095,0.558,0.952,0.644,0.747,0.354,0.259,0.293,0.669,0.598,0.693,0.804,0.794,0.073
PFE.N,0.089,0.877,0.703,0.109,0.17,0.103,0.255,0.784,0.885,0.941,0.269,0.798,0.071,0.598,0.087,0.808,0.519,0.333,0.513,0.96,0.341,0.915,0.451,0.101,0.042,0.091,0.347,0.545
NVDA.OQ,0.966,0.131,0.002,0.303,0.885,0.764,0.131,0.055,0.556,0.396,0.055,0.048,0.503,0.032,0.574,0.984,0.97,0.085,0.941,0.974,0.84,0.994,0.976,0.964,0.79,0.459,0.008,0.622
NTRS.OQ,0.6,0.251,0.79,0.62,0.493,0.473,0.996,0.487,0.42,0.325,0.935,0.867,0.572,0.958,0.618,0.042,0.483,0.984,0.238,0.329,0.087,0.323,0.061,0.62,0.004,0.222,0.493,0.465
WDC.OQ,0.889,0.099,0.259,0.77,0.891,0.909,0.499,0.232,0.22,0.115,0.493,0.087,0.891,0.657,0.848,0.631,0.073,0.893,0.091,0.085,0.285,0.366,0.095,0.893,0.675,0.743,0.18,0.388
DLR.N,0.174,0.962,0.289,0.061,0.416,0.329,0.044,0.539,0.915,0.885,0.048,0.578,0.053,0.228,0.006,0.303,0.83,0.764,0.244,0.491,0.693,0.481,0.103,0.677,0.632,0.848,0.905,0.814
MHK.N,0.808,0.315,0.44,0.808,0.949,0.925,0.325,0.174,0.145,0.093,0.489,0.238,0.754,0.824,0.828,0.467,0.069,0.709,0.093,0.014,0.407,0.012,0.053,0.846,0.507,0.82,0.776,0.885
REGN.OQ,0.071,0.903,0.297,0.065,0.131,0.065,0.515,0.832,0.954,0.956,0.281,0.921,0.018,0.248,0.071,0.998,0.816,0.099,0.56,0.808,0.009,0.848,0.893,0.586,0.228,0.392,0.483,0.745
EPAM.N,0.705,0.267,0.079,0.291,0.919,0.63,0.473,0.386,0.39,0.596,0.446,0.739,0.226,0.554,0.198,0.872,0.673,0.034,0.79,0.335,0.009,0.232,0.388,0.931,0.016,0.533,0.638,0.917
INTC.OQ,0.374,0.533,0.352,0.311,0.145,0.158,0.873,0.604,0.8,0.685,0.499,0.653,0.358,0.715,0.527,0.766,0.289,0.735,0.121,0.855,0.333,0.966,0.046,0.731,0.562,0.541,0.297,0.416
ZTS.N,0.4,0.719,0.119,0.162,0.638,0.651,0.014,0.109,0.679,0.731,0.004,0.069,0.253,0.051,0.255,0.853,0.899,0.218,0.923,0.782,0.939,0.63,0.673,0.44,0.887,0.075,0.117,0.394
ABT.N,0.129,0.939,0.317,0.026,0.214,0.16,0.117,0.673,0.889,0.943,0.198,0.846,0.022,0.147,0.008,0.731,0.695,0.202,0.711,0.933,0.875,0.875,0.43,0.18,0.667,0.188,0.754,0.17
SYY.N,0.834,0.075,0.556,0.921,0.741,0.834,0.655,0.501,0.125,0.119,0.596,0.111,0.917,0.416,0.76,0.236,0.067,0.588,0.972,0.604,0.388,0.547,0.374,0.224,0.588,0.747,0.954,0.747
MS.N,0.84,0.119,0.608,0.727,0.747,0.667,0.901,0.305,0.18,0.2,0.911,0.727,0.735,0.873,0.836,0.074,0.448,0.988,0.188,0.895,0.305,0.891,0.485,0.38,0.117,0.244,0.57,0.919
L.N,0.412,0.442,1.0,0.739,0.402,0.378,0.962,0.598,0.299,0.376,0.974,0.927,0.6,0.986,0.636,0.505,0.154,0.844,0.111,0.2,0.59,0.016,0.519,0.125,0.855,0.063,0.222,0.329
TROW.OQ,0.741,0.558,0.232,0.374,0.812,0.513,0.24,0.048,0.507,0.434,0.366,0.661,0.238,0.897,0.469,0.962,0.612,0.012,0.473,0.438,0.267,0.444,0.067,0.778,0.253,0.982,0.996,0.923
DXCM.OQ,0.556,0.358,0.061,0.347,0.483,0.552,0.374,0.354,0.758,0.657,0.079,0.145,0.386,0.002,0.426,0.366,0.992,0.117,0.958,0.648,0.78,0.699,0.871,0.915,0.529,0.808,0.863,0.075
NOC.N,0.053,0.919,0.885,0.156,0.024,0.055,0.675,0.911,0.903,0.895,0.743,0.907,0.218,0.699,0.212,0.619,0.453,0.349,0.737,0.822,0.065,0.671,0.729,0.311,0.166,0.341,0.648,0.176
C.N,0.824,0.198,0.772,0.937,0.952,0.929,0.77,0.347,0.085,0.073,0.889,0.562,0.844,0.935,0.846,0.048,0.261,1.0,0.075,0.824,0.476,0.871,0.075,0.59,0.115,0.426,0.137,0.537
CTSH.OQ,0.467,0.556,0.293,0.537,0.444,0.356,0.622,0.467,0.598,0.699,0.521,0.489,0.552,0.527,0.556,0.727,0.279,0.073,0.434,0.499,0.62,0.659,0.315,0.634,0.82,0.507,0.271,0.303
LKQ.OQ,0.846,0.327,0.515,0.865,0.909,0.968,0.37,0.56,0.083,0.111,0.683,0.309,0.812,0.737,0.774,0.616,0.188,0.386,0.471,0.206,0.572,0.069,0.758,0.281,0.543,0.442,0.673,0.683
RMD.N,0.257,0.81,0.178,0.087,0.453,0.267,0.077,0.392,0.836,0.816,0.135,0.616,0.097,0.113,0.147,0.877,0.893,0.077,0.853,0.513,0.925,0.251,0.788,0.321,0.713,0.055,0.255,0.174
BMY.N,0.055,0.871,0.848,0.149,0.053,0.097,0.709,0.935,0.873,0.931,0.699,0.949,0.127,0.162,0.125,0.8,0.584,0.58,0.651,0.909,0.507,0.824,0.57,0.016,0.412,0.143,0.293,0.396
PM.N,0.131,0.869,0.962,0.331,0.533,0.44,0.024,0.735,0.608,0.715,0.291,0.715,0.141,0.305,0.141,0.927,0.764,0.402,0.036,0.915,0.42,0.804,0.501,0.073,0.285,0.01,0.048,0.648
SWKS.OQ,0.836,0.109,0.063,0.554,0.689,0.634,0.572,0.119,0.505,0.394,0.354,0.162,0.709,0.317,0.788,0.915,0.493,0.347,0.457,0.214,0.069,0.693,0.042,0.772,0.222,0.57,0.065,0.883
BRKb.N,0.125,0.881,0.998,0.352,0.253,0.204,0.796,0.762,0.81,0.749,0.756,0.881,0.287,0.855,0.192,0.176,0.442,0.396,0.21,0.99,0.923,0.949,0.762,0.036,0.539,0.012,0.119,0.42
CSGP.OQ,0.513,0.58,0.087,0.251,0.606,0.608,0.186,0.434,0.564,0.661,0.226,0.465,0.295,0.289,0.438,0.399,0.982,0.093,0.653,0.527,0.776,0.477,0.513,0.64,0.895,0.414,0.287,0.972
LHX.N,0.192,0.784,0.8,0.349,0.103,0.234,0.568,0.857,0.749,0.697,0.624,0.636,0.459,0.616,0.303,0.48,0.451,0.404,0.364,0.606,0.174,0.432,0.347,0.214,0.075,0.141,0.085,0.115
STX.OQ,0.432,0.681,0.279,0.388,0.642,0.501,0.293,0.273,0.636,0.493,0.374,0.57,0.352,0.525,0.261,0.913,0.172,0.818,0.036,0.113,0.184,0.455,0.16,0.81,0.697,0.925,0.859,0.244
FAST.OQ,0.158,0.893,0.358,0.129,0.048,0.042,0.687,0.897,0.929,0.899,0.622,0.913,0.111,0.446,0.17,0.933,0.669,0.069,0.84,0.481,0.628,0.56,0.584,0.36,0.626,0.713,0.84,0.63
APH.N,0.644,0.244,0.283,0.81,0.648,0.535,0.368,0.517,0.311,0.43,0.378,0.121,0.786,0.402,0.812,0.68,0.622,0.234,0.794,0.663,0.248,0.568,0.816,0.24,0.44,0.2,0.614,0.489
MAS.N,0.418,0.741,0.392,0.406,0.527,0.392,0.065,0.727,0.594,0.604,0.125,0.313,0.291,0.426,0.444,0.857,0.216,0.628,0.036,0.101,0.691,0.16,0.281,0.622,0.737,0.754,0.762,0.671
VTR.N,0.895,0.073,0.448,0.919,0.905,0.966,0.42,0.238,0.063,0.097,0.333,0.016,0.952,0.24,0.935,0.032,0.707,0.851,0.251,0.313,0.638,0.176,0.327,0.438,0.764,0.632,0.788,0.709
T.N,0.077,0.947,0.978,0.289,0.202,0.149,0.531,0.851,0.774,0.802,0.737,0.962,0.125,0.889,0.244,0.296,0.186,0.895,0.117,0.887,0.398,0.83,0.143,0.257,0.394,0.303,0.349,0.974
HCA.N,0.788,0.115,0.438,0.737,0.83,0.905,0.283,0.115,0.228,0.263,0.299,0.044,0.851,0.541,0.758,0.696,0.194,0.79,0.036,0.778,0.913,0.739,0.861,0.556,0.345,0.194,0.517,0.093
AMT.N,0.269,0.861,0.354,0.113,0.612,0.42,0.048,0.358,0.671,0.756,0.036,0.4,0.099,0.103,0.053,0.283,0.935,0.669,0.929,0.838,0.459,0.721,0.263,0.487,0.549,0.117,0.295,0.57
PSX.N,0.576,0.158,0.891,0.893,0.469,0.683,0.844,0.669,0.257,0.135,0.925,0.648,0.832,0.826,0.972,0.299,0.028,0.651,0.267,0.691,0.207,0.752,0.661,0.743,0.123,0.64,0.715,0.253
INCY.OQ,0.115,0.844,0.319,0.127,0.091,0.083,0.598,0.8,0.919,0.923,0.253,0.711,0.113,0.232,0.178,0.78,0.796,0.036,0.606,0.307,0.242,0.479,0.257,0.263,0.034,0.667,0.81,0.962
AIZ.N,0.255,0.584,0.655,0.667,0.158,0.285,0.939,0.782,0.646,0.651,0.754,0.517,0.762,0.723,0.39,0.505,0.093,0.703,0.23,0.016,0.865,0.008,0.244,0.499,0.949,0.545,0.131,0.095
MDLZ.OQ,0.044,0.921,0.954,0.075,0.127,0.127,0.192,0.966,0.879,0.935,0.255,0.762,0.085,0.152,0.057,0.368,0.533,0.515,0.545,0.828,0.802,0.861,0.859,0.014,0.994,0.149,0.323,0.481
LW.N,0.547,0.323,0.616,0.754,0.525,0.628,0.691,0.62,0.133,0.358,0.758,0.612,0.667,0.481,0.675,0.469,0.549,0.481,0.962,0.16,0.877,0.21,0.903,0.089,0.972,0.651,0.301,0.828
BSX.N,0.463,0.438,0.539,0.517,0.636,0.727,0.356,0.549,0.438,0.402,0.459,0.434,0.537,0.216,0.432,0.487,0.79,0.289,0.566,0.77,0.701,0.838,0.925,0.095,0.929,0.204,0.507,0.43
COF.N,0.943,0.204,0.618,0.954,0.976,0.97,0.6,0.152,0.02,0.028,0.846,0.426,0.895,0.929,0.923,0.17,0.224,0.933,0.083,0.568,0.178,0.61,0.089,0.8,0.158,0.501,0.354,0.788
DE.N,0.455,0.489,0.683,0.713,0.558,0.673,0.614,0.556,0.448,0.275,0.857,0.59,0.792,0.836,0.62,0.549,0.457,0.711,0.766,0.883,0.032,0.84,0.564,0.616,0.388,0.17,0.16,0.859
META.OQ,0.572,0.465,0.046,0.192,0.438,0.331,0.479,0.071,0.667,0.578,0.402,0.596,0.349,0.749,0.497,0.956,0.497,0.103,0.451,0.962,0.966,0.99,0.422,0.974,0.925,0.263,0.016,0.236
WBA.OQ,0.166,0.842,0.863,0.398,0.307,0.143,0.657,0.758,0.814,0.768,0.826,0.966,0.182,0.972,0.182,0.319,0.016,0.661,0.149,0.537,0.319,0.566,0.051,0.448,0.02,0.853,0.923,0.8
MRO.N,0.667,0.194,0.709,0.826,0.321,0.487,0.958,0.406,0.362,0.176,0.97,0.723,0.875,0.954,0.98,0.459,0.388,0.531,0.218,0.287,0.434,0.354,0.935,0.925,0.19,0.822,0.24,0.113
DLTR.OQ,0.222,0.669,0.311,0.313,0.081,0.089,0.984,0.937,0.913,0.84,0.685,0.766,0.378,0.562,0.327,0.394,0.192,0.261,0.57,0.523,0.927,0.737,0.875,0.749,0.907,0.78,0.529,0.806
UDR.N,0.509,0.701,0.667,0.545,0.733,0.822,0.085,0.19,0.289,0.432,0.265,0.432,0.37,0.453,0.333,0.087,0.907,0.707,0.525,0.154,0.608,0.139,0.317,0.317,0.687,0.158,0.042,0.202
CME.OQ,0.194,0.675,0.653,0.384,0.319,0.426,0.713,0.503,0.776,0.689,0.671,0.697,0.451,0.673,0.428,0.094,0.966,0.137,0.358,0.747,0.299,0.675,0.305,0.053,0.533,0.301,0.236,0.735
BR.N,0.156,0.915,0.309,0.097,0.065,0.095,0.826,0.665,0.891,0.861,0.62,0.873,0.162,0.422,0.166,0.612,0.499,0.556,0.832,0.24,0.836,0.113,0.444,0.339,0.919,0.396,0.572,0.539
WHR.N,0.687,0.56,0.481,0.604,0.58,0.701,0.081,0.481,0.301,0.388,0.339,0.281,0.578,0.642,0.721,0.552,0.04,0.877,0.285,0.034,0.622,0.156,0.036,0.681,0.354,0.992,0.992,0.614
VFC.N,0.731,0.475,0.418,0.64,0.703,0.531,0.776,0.125,0.281,0.246,0.766,0.685,0.584,0.79,0.63,0.602,0.147,0.81,0.547,0.107,0.455,0.168,0.006,0.885,0.398,0.901,0.426,0.503
WM.N,0.059,0.952,0.818,0.145,0.026,0.024,0.749,0.929,0.895,0.952,0.564,0.925,0.077,0.62,0.117,0.448,0.588,0.479,0.857,0.762,0.794,0.622,0.806,0.018,0.875,0.178,0.44,0.226
ETR.N,0.297,0.745,0.762,0.356,0.337,0.457,0.184,0.723,0.497,0.64,0.238,0.289,0.469,0.073,0.287,0.115,0.315,0.929,0.293,0.408,0.529,0.236,0.541,0.178,0.503,0.265,0.166,0.077
KMI.N,0.495,0.299,0.855,0.861,0.329,0.653,0.752,0.618,0.303,0.172,0.634,0.127,0.933,0.386,0.956,0.271,0.394,0.867,0.16,0.626,0.492,0.337,0.434,0.202,0.224,0.43,0.457,0.032
CVS.N,0.164,0.715,0.889,0.273,0.133,0.101,0.814,0.855,0.824,0.855,0.808,0.956,0.192,0.747,0.164,0.311,0.042,0.766,0.263,0.871,0.228,0.784,0.242,0.188,0.198,0.224,0.525,0.305
IQV.N,0.974,0.135,0.186,0.574,0.968,0.988,0.141,0.008,0.119,0.107,0.192,0.059,0.695,0.158,0.754,0.463,0.491,0.642,0.802,0.592,0.207,0.436,0.283,0.624,0.307,0.133,0.152,0.612
TRMB.OQ,0.984,0.004,0.089,0.838,0.832,0.923,0.311,0.158,0.182,0.152,0.103,0.004,0.919,0.184,0.786,0.622,0.59,0.293,0.531,0.152,0.279,0.059,0.083,0.754,0.547,0.259,0.345,0.727
WST.N,0.331,0.695,0.091,0.121,0.39,0.301,0.067,0.036,0.867,0.82,0.046,0.293,0.186,0.186,0.21,0.919,0.822,0.048,0.8,0.293,0.937,0.358,0.699,0.784,0.347,0.56,0.259,0.172
WTW.OQ,0.204,0.774,0.56,0.244,0.455,0.259,0.457,0.677,0.709,0.733,0.483,0.64,0.354,0.493,0.416,0.244,0.535,0.426,0.465,0.463,0.534,0.406,0.289,0.137,0.323,0.735,0.887,0.964
KMX.N,0.822,0.309,0.206,0.729,0.695,0.588,0.222,0.412,0.253,0.311,0.246,0.042,0.798,0.198,0.832,0.309,0.02,0.96,0.277,0.075,0.848,0.154,0.174,0.941,0.758,0.996,0.97,0.741
LLY.N,0.081,0.907,0.588,0.093,0.042,0.051,0.556,0.921,0.945,0.958,0.362,0.903,0.044,0.549,0.093,0.84,0.962,0.115,0.97,0.97,0.993,0.954,0.998,0.253,0.976,0.032,0.364,0.933
BG.N,0.313,0.495,0.929,0.772,0.289,0.527,0.61,0.729,0.457,0.36,0.77,0.444,0.82,0.691,0.667,0.554,0.012,0.663,0.206,0.226,0.269,0.129,0.549,0.663,0.248,0.665,0.606,0.008
MA.N,0.747,0.248,0.24,0.471,0.717,0.669,0.739,0.378,0.378,0.378,0.64,0.412,0.689,0.473,0.796,0.947,0.988,0.107,0.986,0.966,0.952,0.935,0.651,0.242,0.794,0.014,0.257,0.592
MCK.N,0.119,0.747,0.899,0.242,0.046,0.04,0.986,0.982,0.752,0.881,0.915,0.992,0.16,0.786,0.156,0.354,0.008,0.238,0.036,0.715,0.972,0.741,1.0,0.115,0.917,0.762,0.76,0.117
TJX.N,0.655,0.408,0.436,0.752,0.915,0.824,0.269,0.533,0.172,0.406,0.531,0.473,0.566,0.428,0.436,0.693,0.335,0.101,0.933,0.832,0.64,0.743,0.695,0.283,0.695,0.042,0.053,0.669
TRGP.N,0.913,0.016,0.41,0.996,0.584,0.772,0.897,0.18,0.055,0.04,0.731,0.061,0.994,0.509,1.0,0.148,0.109,0.814,0.796,0.275,0.413,0.198,0.966,0.774,0.113,0.596,0.644,0.012
INVH.N,0.604,0.592,0.325,0.444,0.889,0.956,0.016,0.295,0.202,0.347,0.152,0.131,0.531,0.129,0.552,0.364,0.887,0.725,0.273,0.317,0.687,0.182,0.483,0.42,0.873,0.798,0.895,0.281
BAC.N,0.679,0.317,0.83,0.733,0.598,0.503,1.0,0.796,0.263,0.261,1.0,0.97,0.752,1.0,0.699,0.061,0.709,0.98,0.107,0.952,0.439,0.96,0.097,0.459,0.135,0.065,0.077,0.556
FOX.OQ,0.378,0.606,0.644,0.642,0.394,0.467,0.596,0.483,0.493,0.428,0.796,0.705,0.596,0.503,0.752,0.452,0.203,0.827,0.193,0.249,0.365,0.006,0.194,0.418,0.313,0.03,0.034,0.125
DOV.N,0.737,0.311,0.717,0.774,0.875,0.913,0.145,0.303,0.117,0.16,0.491,0.253,0.731,0.37,0.568,0.675,0.444,0.428,0.663,0.349,0.156,0.194,0.402,0.303,0.218,0.42,0.515,0.644
VICI.N,0.82,0.095,0.347,0.917,0.867,0.972,0.261,0.515,0.057,0.17,0.23,0.02,0.867,0.034,0.709,0.371,0.978,0.731,0.196,0.541,0.519,0.261,0.594,0.19,0.38,0.846,0.941,0.471
CTLT.N,0.657,0.404,0.057,0.4,0.665,0.644,0.289,0.012,0.663,0.582,0.107,0.156,0.453,0.533,0.543,0.456,0.305,0.788,0.259,0.038,0.03,0.38,0.133,0.998,0.18,0.836,0.22,0.089
ACN.N,0.582,0.523,0.135,0.275,0.622,0.465,0.459,0.418,0.517,0.693,0.263,0.349,0.444,0.372,0.234,0.816,0.513,0.028,0.806,0.929,0.251,0.879,0.539,0.465,0.653,0.053,0.317,0.618
CAH.N,0.18,0.685,0.826,0.329,0.143,0.123,0.879,0.925,0.685,0.824,0.867,0.958,0.259,0.8,0.253,0.19,0.002,0.622,0.036,0.362,0.834,0.451,0.931,0.174,0.937,0.63,0.242,0.62
MTD.N,0.394,0.632,0.198,0.222,0.537,0.2,0.212,0.129,0.707,0.739,0.271,0.681,0.158,0.733,0.16,0.964,0.879,0.139,0.036,0.539,0.009,0.301,0.733,0.653,0.093,0.335,0.632,0.653
XOM.N,0.366,0.386,0.974,0.8,0.194,0.448,0.887,0.715,0.509,0.285,0.945,0.665,0.836,0.865,0.966,0.438,0.208,0.23,0.43,0.984,0.307,0.978,0.952,0.582,0.083,0.119,0.206,0.339
ON.OQ,0.956,0.055,0.107,0.832,0.857,0.776,0.503,0.089,0.273,0.21,0.461,0.091,0.871,0.487,0.869,0.77,0.592,0.297,0.665,0.475,0.495,0.846,0.986,0.943,0.881,0.949,0.844,0.507
PKG.N,0.139,0.885,0.923,0.366,0.178,0.135,0.834,0.632,0.808,0.766,0.82,0.98,0.145,0.945,0.19,0.696,0.257,0.483,0.491,0.133,0.265,0.097,0.303,0.422,0.182,0.558,0.598,0.147
CZR.OQ,1.0,0.002,0.139,0.947,0.954,0.982,0.584,0.032,0.026,0.004,0.388,0.008,0.992,0.176,0.968,0.024,0.129,0.968,0.406,0.059,0.289,0.307,0.137,0.98,0.584,0.937,0.735,0.84
K.N,0.004,1.0,0.921,0.024,0.014,0.018,0.533,0.988,0.982,0.988,0.655,0.994,0.012,0.517,0.016,0.533,0.301,0.584,0.798,0.434,0.707,0.362,0.592,0.026,0.941,0.857,0.947,0.081
EQR.N,0.402,0.764,0.715,0.428,0.576,0.768,0.178,0.248,0.408,0.529,0.4,0.663,0.263,0.465,0.18,0.403,0.885,0.632,0.331,0.394,0.713,0.269,0.234,0.251,0.822,0.36,0.37,0.137
AOS.N,0.246,0.717,0.665,0.455,0.228,0.21,0.303,0.679,0.798,0.709,0.465,0.804,0.172,0.838,0.337,0.791,0.436,0.089,0.701,0.055,0.47,0.166,0.481,0.554,0.469,0.877,0.921,0.469
PKI.N,0.406,0.602,0.127,0.327,0.76,0.442,0.111,0.063,0.665,0.644,0.139,0.246,0.398,0.345,0.36,0.685,0.754,0.547,0.44,0.299,0.105,0.143,0.297,0.659,0.032,0.729,0.855,0.782
VTRS.OQ,0.259,0.594,0.624,0.475,0.487,0.295,0.869,0.638,0.459,0.634,0.861,0.96,0.242,0.859,0.345,0.522,0.125,0.943,0.085,0.188,0.505,0.103,0.168,0.564,0.628,0.503,0.469,0.905
SPG.N,0.925,0.127,0.509,0.992,0.964,0.978,0.426,0.147,0.034,0.055,0.689,0.17,0.921,0.685,0.947,0.42,0.867,0.816,0.909,0.622,0.439,0.305,0.386,0.495,0.418,0.562,0.792,0.248
DGX.N,0.186,0.802,0.505,0.376,0.372,0.24,0.105,0.802,0.653,0.83,0.19,0.384,0.313,0.16,0.311,0.745,0.313,0.491,0.487,0.305,0.166,0.325,0.489,0.083,0.002,0.838,0.733,0.875
GILD.OQ,0.018,0.972,0.78,0.103,0.051,0.016,0.673,0.956,0.98,0.978,0.285,0.937,0.01,0.455,0.024,0.754,0.667,0.521,0.693,0.853,0.327,0.857,0.721,0.182,0.014,0.354,0.335,0.374
MLM.N,0.697,0.39,0.519,0.768,0.778,0.802,0.265,0.37,0.208,0.299,0.533,0.251,0.764,0.61,0.519,0.392,0.6,0.509,0.505,0.378,0.993,0.184,0.675,0.507,0.982,0.681,0.812,0.687
HAS.OQ,0.618,0.192,0.378,0.636,0.285,0.612,0.865,0.836,0.501,0.448,0.525,0.093,0.909,0.253,0.455,0.444,0.248,0.762,0.483,0.046,0.816,0.273,0.113,0.691,0.992,0.881,0.655,0.014
ESS.N,0.43,0.725,0.576,0.505,0.448,0.695,0.135,0.4,0.384,0.523,0.356,0.523,0.396,0.281,0.289,0.232,0.911,0.729,0.42,0.198,0.867,0.061,0.109,0.333,0.733,0.145,0.024,0.016
LYV.N,0.939,0.069,0.214,0.935,0.824,0.832,0.855,0.135,0.129,0.133,0.681,0.204,0.893,0.653,0.816,0.014,0.18,0.741,0.036,0.255,0.82,0.162,0.545,0.798,0.98,0.947,0.873,0.432
NTAP.OQ,0.416,0.655,0.434,0.453,0.501,0.321,0.697,0.685,0.545,0.531,0.79,0.869,0.356,0.776,0.362,0.724,0.36,0.507,0.883,0.166,0.545,0.485,0.275,0.451,0.634,0.703,0.541,0.509
EBAY.OQ,0.459,0.709,0.16,0.2,0.657,0.515,0.091,0.394,0.673,0.61,0.184,0.499,0.228,0.406,0.388,0.689,0.428,0.693,0.646,0.398,0.575,0.648,0.232,0.685,0.745,0.806,0.669,0.818
CMI.N,0.283,0.727,0.919,0.614,0.539,0.572,0.444,0.798,0.572,0.39,0.865,0.84,0.497,0.832,0.592,0.6,0.244,0.537,0.598,0.558,0.085,0.404,0.248,0.275,0.196,0.727,0.806,0.796
MTCH.OQ,0.784,0.364,0.067,0.493,0.929,0.814,0.139,0.051,0.434,0.307,0.186,0.232,0.467,0.418,0.578,0.838,0.62,0.646,0.036,0.125,0.211,0.457,0.01,0.96,0.309,0.885,0.465,0.968
TEL.N,0.844,0.166,0.366,0.943,0.972,0.897,0.319,0.117,0.099,0.071,0.481,0.125,0.846,0.659,0.853,0.671,0.418,0.255,0.539,0.578,0.164,0.364,0.38,0.428,0.251,0.311,0.461,0.463
CINF.OQ,0.327,0.677,0.931,0.412,0.44,0.335,0.889,0.651,0.588,0.594,0.848,0.915,0.331,0.869,0.133,0.505,0.455,0.131,0.253,0.261,0.203,0.125,0.335,0.547,0.521,0.707,0.978,0.123
ORCL.N,0.145,0.806,0.451,0.073,0.109,0.079,0.76,0.869,0.958,0.911,0.568,0.863,0.152,0.766,0.111,0.677,0.741,0.713,0.036,0.945,0.785,0.863,0.865,0.307,0.893,0.016,0.176,0.424
RHI.N,0.517,0.541,0.584,0.673,0.604,0.592,0.816,0.42,0.467,0.392,0.879,0.832,0.535,0.752,0.695,0.923,0.19,0.012,0.713,0.036,0.141,0.063,0.198,0.6,0.23,0.974,0.998,0.194
XEL.OQ,0.093,0.956,0.875,0.079,0.188,0.198,0.075,0.885,0.863,0.859,0.141,0.687,0.061,0.168,0.018,0.162,0.489,0.822,0.41,0.596,0.634,0.549,0.453,0.111,0.311,0.319,0.543,0.208
ALK.N,0.921,0.145,0.453,0.956,0.97,0.986,0.671,0.214,0.016,0.038,0.798,0.535,0.782,0.531,0.772,0.026,0.083,0.905,0.186,0.008,0.614,0.077,0.164,0.679,0.463,0.828,0.691,0.911
AIG.N,0.929,0.065,0.663,0.982,0.933,0.96,0.719,0.283,0.008,0.051,0.891,0.404,0.939,0.848,0.921,0.04,0.123,0.923,0.141,0.677,0.669,0.535,0.588,0.552,0.699,0.139,0.051,0.307
JBHT.OQ,0.265,0.673,0.479,0.402,0.097,0.105,0.804,0.875,0.828,0.752,0.661,0.667,0.483,0.626,0.386,0.709,0.228,0.164,0.699,0.315,0.756,0.422,0.562,0.521,0.642,0.725,0.804,0.701
CPRT.OQ,0.659,0.354,0.093,0.487,0.556,0.402,0.279,0.594,0.436,0.614,0.36,0.485,0.43,0.196,0.521,0.925,0.871,0.026,0.733,0.493,0.804,0.552,0.939,0.354,0.927,0.275,0.521,0.434
IVZ.N,0.935,0.242,0.469,0.756,0.96,0.885,0.513,0.01,0.093,0.113,0.842,0.735,0.628,0.861,0.624,0.256,0.24,0.82,0.081,0.04,0.459,0.038,0.101,0.764,0.141,0.851,0.808,0.877
LIN.N,0.426,0.455,0.632,0.44,0.766,0.493,0.828,0.485,0.325,0.414,0.705,0.671,0.515,0.547,0.475,0.424,0.737,0.212,0.61,0.921,0.935,0.873,0.867,0.218,0.705,0.046,0.358,0.851
TGT.N,0.216,0.792,0.234,0.152,0.079,0.067,0.808,0.877,0.921,0.873,0.616,0.82,0.222,0.798,0.331,0.733,0.089,0.513,0.76,0.786,0.39,0.687,0.295,0.879,0.376,0.671,0.331,0.505
KLAC.OQ,0.848,0.36,0.101,0.416,0.921,0.743,0.083,0.081,0.519,0.362,0.283,0.503,0.335,0.602,0.495,0.97,0.802,0.271,0.964,0.717,0.16,0.836,0.846,0.836,0.786,0.77,0.636,0.756
MCO.N,0.814,0.416,0.137,0.226,0.731,0.782,0.109,0.077,0.533,0.386,0.008,0.01,0.539,0.02,0.56,0.869,0.921,0.341,0.954,0.705,0.813,0.497,0.461,0.578,0.8,0.584,0.913,0.937
SEE.N,0.521,0.238,0.473,0.653,0.618,0.655,0.608,0.372,0.495,0.364,0.315,0.077,0.78,0.622,0.584,0.58,0.234,0.78,0.968,0.024,0.4,0.02,0.208,0.612,0.255,0.606,0.697,0.529
BAX.N,0.067,0.917,0.685,0.089,0.105,0.057,0.774,0.889,0.899,0.937,0.667,0.986,0.04,0.794,0.079,0.44,0.319,0.848,0.644,0.457,0.645,0.564,0.04,0.651,0.329,0.424,0.099,0.109
PODD.OQ,0.606,0.295,0.075,0.382,0.457,0.469,0.238,0.257,0.651,0.622,0.095,0.152,0.414,0.008,0.392,0.212,0.994,0.17,0.984,0.37,0.893,0.501,0.879,0.867,0.859,0.816,0.958,0.966
DVN.N,0.832,0.034,0.61,0.867,0.271,0.632,0.947,0.259,0.305,0.095,0.917,0.362,0.98,0.913,0.99,0.828,0.382,0.382,0.562,0.618,0.386,0.618,0.921,0.933,0.137,0.505,0.032,0.018
HSY.N,0.042,0.923,0.895,0.107,0.061,0.121,0.588,0.986,0.877,0.919,0.438,0.764,0.19,0.135,0.099,0.821,0.733,0.226,0.927,0.681,0.945,0.606,0.98,0.03,0.978,0.481,0.592,0.267
AAPL.OQ,0.537,0.648,0.016,0.032,0.267,0.246,0.317,0.453,0.851,0.846,0.176,0.455,0.248,0.042,0.347,0.976,0.784,0.135,0.978,1.0,0.851,0.998,0.968,0.584,0.897,0.113,0.115,0.497
ALLE.N,0.507,0.689,0.673,0.541,0.41,0.446,0.21,0.636,0.41,0.541,0.469,0.622,0.362,0.681,0.483,0.826,0.527,0.529,0.897,0.069,0.696,0.135,0.196,0.489,0.899,0.556,0.642,0.715
INTU.OQ,0.885,0.448,0.008,0.178,0.784,0.784,0.17,0.026,0.661,0.539,0.101,0.202,0.382,0.208,0.376,0.836,0.875,0.149,0.788,0.859,0.125,0.923,0.667,0.844,0.483,0.129,0.057,0.867
GD.N,0.315,0.697,0.986,0.59,0.156,0.366,0.689,0.899,0.412,0.483,0.883,0.713,0.693,0.582,0.582,0.407,0.323,0.39,0.576,0.78,0.093,0.64,0.685,0.069,0.145,0.101,0.477,0.196
TSN.N,0.218,0.499,0.642,0.568,0.113,0.131,0.968,0.879,0.802,0.747,0.651,0.507,0.651,0.558,0.44,0.574,0.051,0.681,0.127,0.396,0.154,0.469,0.093,0.432,0.046,0.661,0.305,0.206
VRSN.OQ,0.267,0.782,0.121,0.055,0.174,0.196,0.244,0.576,0.937,0.879,0.04,0.366,0.133,0.026,0.103,0.994,0.99,0.196,0.036,0.388,0.919,0.279,0.61,0.366,0.844,0.416,0.198,0.372
ICE.N,0.271,0.729,0.224,0.253,0.376,0.422,0.073,0.275,0.82,0.675,0.087,0.196,0.333,0.075,0.364,0.11,0.82,0.624,0.448,0.741,0.752,0.624,0.495,0.267,0.681,0.067,0.244,0.659
LUV.N,0.57,0.487,0.59,0.846,0.723,0.576,0.925,0.572,0.267,0.291,0.828,0.733,0.602,0.76,0.533,0.022,0.139,0.939,0.287,0.358,0.331,0.44,0.044,0.628,0.103,0.453,0.087,0.657
UNP.N,0.358,0.519,0.754,0.543,0.166,0.277,0.743,0.602,0.612,0.537,0.507,0.354,0.663,0.333,0.638,0.646,0.782,0.564,0.887,0.879,0.554,0.81,0.313,0.255,0.612,0.184,0.325,0.78
UNH.N,0.291,0.739,0.554,0.158,0.323,0.313,0.337,0.772,0.701,0.782,0.368,0.618,0.277,0.21,0.143,0.582,0.293,0.228,0.782,0.988,0.943,0.972,0.778,0.113,0.691,0.048,0.339,0.428
SBAC.OQ,0.22,0.883,0.295,0.071,0.238,0.238,0.055,0.681,0.838,0.853,0.016,0.305,0.105,0.024,0.051,0.143,0.964,0.699,0.036,0.511,0.067,0.543,0.293,0.57,0.275,0.291,0.224,0.473
HWM.N,0.851,0.152,0.701,0.972,0.848,0.952,0.511,0.21,0.01,0.036,0.814,0.42,0.869,0.687,0.929,0.246,0.537,0.558,0.687,0.263,0.636,0.178,0.907,0.436,0.719,0.358,0.384,0.467
VRTX.OQ,0.099,0.826,0.337,0.067,0.087,0.073,0.756,0.834,0.927,0.947,0.309,0.822,0.075,0.079,0.154,0.968,0.897,0.042,0.723,0.794,0.976,0.814,0.96,0.473,0.901,0.196,0.182,0.952
MPC.N,0.877,0.036,0.657,0.974,0.697,0.949,0.64,0.64,0.014,0.022,0.885,0.347,0.962,0.489,0.974,0.477,0.03,0.782,0.343,0.725,0.048,0.834,0.962,0.735,0.073,0.76,0.628,0.19
HES.N,0.568,0.184,0.792,0.863,0.422,0.511,0.972,0.535,0.386,0.121,0.943,0.594,0.905,0.939,0.978,0.214,0.685,0.444,0.725,0.646,0.539,0.495,0.899,0.873,0.246,0.527,0.699,0.2
PAYC.N,0.871,0.265,0.048,0.584,0.663,0.523,0.578,0.444,0.321,0.457,0.418,0.505,0.479,0.463,0.679,0.584,0.976,0.032,0.939,0.309,0.036,0.291,0.448,0.901,0.24,0.552,0.531,0.891
GS.N,0.774,0.246,0.677,0.764,0.788,0.685,0.838,0.432,0.271,0.206,0.873,0.689,0.707,0.941,0.739,0.105,0.341,0.994,0.105,0.867,0.418,0.851,0.354,0.323,0.097,0.372,0.36,0.844
CBOE.Z,0.113,0.798,0.651,0.335,0.085,0.182,0.628,0.927,0.796,0.832,0.471,0.768,0.196,0.222,0.265,0.624,0.61,0.329,0.594,0.18,0.764,0.075,0.802,0.071,0.568,0.368,0.283,0.03
EL.N,0.594,0.406,0.164,0.457,0.756,0.394,0.547,0.042,0.521,0.568,0.331,0.402,0.463,0.543,0.489,0.719,0.776,0.141,0.931,0.826,0.018,0.786,0.141,0.794,0.01,0.21,0.333,0.913
HST.OQ,0.713,0.261,0.485,0.939,0.685,0.616,0.976,0.691,0.275,0.289,0.834,0.572,0.778,0.822,0.723,0.03,0.471,0.685,0.242,0.123,0.57,0.164,0.578,0.713,0.725,0.913,0.907,0.721
CSCO.OQ,0.172,0.687,0.592,0.232,0.069,0.063,0.911,0.962,0.943,0.939,0.594,0.754,0.289,0.414,0.176,0.796,0.638,0.119,0.673,0.939,0.275,0.956,0.329,0.345,0.499,0.105,0.154,0.228
ELV.N,0.382,0.663,0.646,0.333,0.554,0.61,0.251,0.661,0.485,0.602,0.614,0.646,0.442,0.564,0.352,0.446,0.119,0.455,0.543,0.873,0.427,0.806,0.743,0.248,0.564,0.109,0.196,0.216
KIM.N,0.786,0.293,0.614,0.988,0.838,0.857,0.679,0.218,0.073,0.192,0.695,0.311,0.822,0.81,0.945,0.341,0.865,0.794,0.172,0.172,0.487,0.042,0.307,0.444,0.448,0.699,0.786,0.299
WY.N,0.899,0.259,0.416,0.82,0.865,0.927,0.224,0.204,0.19,0.145,0.448,0.101,0.865,0.693,0.784,0.772,0.384,0.511,0.339,0.392,0.547,0.257,0.273,0.434,0.477,0.568,0.824,0.297
UAL.OQ,0.952,0.156,0.315,0.925,0.974,0.962,0.848,0.491,0.046,0.053,0.806,0.398,0.873,0.535,0.669,0.01,0.026,0.996,0.442,0.145,0.601,0.685,0.515,0.905,0.735,0.945,0.539,0.97
AMZN.OQ,0.475,0.6,0.004,0.059,0.412,0.271,0.618,0.446,0.893,0.77,0.24,0.545,0.236,0.343,0.137,0.376,0.307,0.222,0.762,0.992,0.798,0.992,0.224,0.871,0.762,0.089,0.018,0.422
AMGN.OQ,0.038,0.929,0.749,0.053,0.044,0.026,0.681,0.939,0.962,0.966,0.604,0.952,0.059,0.56,0.101,0.842,0.792,0.606,0.974,0.893,0.168,0.887,0.396,0.028,0.232,0.509,0.693,0.576
GIS.N,0.006,0.998,0.788,0.008,0.01,0.014,0.602,0.98,0.992,0.994,0.41,0.988,0.002,0.295,0.026,0.519,0.479,0.505,0.675,0.695,0.747,0.604,0.901,0.048,0.956,0.766,0.826,0.141
D.N,0.075,0.931,0.879,0.131,0.063,0.075,0.432,0.972,0.844,0.925,0.475,0.851,0.129,0.576,0.105,0.198,0.566,0.883,0.279,0.707,0.492,0.503,0.111,0.17,0.259,0.099,0.026,0.024
WYNN.OQ,0.919,0.048,0.222,0.873,0.826,0.796,0.733,0.113,0.168,0.103,0.717,0.307,0.855,0.362,0.925,0.012,0.467,0.956,0.036,0.071,0.313,0.655,0.511,0.927,0.283,0.96,0.545,1.0
NXPI.OQ,0.873,0.059,0.158,0.796,0.758,0.675,0.315,0.208,0.238,0.273,0.505,0.164,0.808,0.485,0.909,0.788,0.568,0.604,0.727,0.63,0.083,0.822,0.424,0.77,0.495,0.59,0.56,0.711
ALL.N,0.275,0.659,0.943,0.467,0.277,0.408,0.667,0.806,0.513,0.626,0.818,0.857,0.4,0.59,0.396,0.778,0.099,0.469,0.337,0.572,0.828,0.541,0.343,0.461,0.77,0.331,0.396,0.764
ARE.N,0.408,0.743,0.349,0.345,0.586,0.562,0.008,0.554,0.64,0.679,0.014,0.119,0.24,0.115,0.113,0.121,0.939,0.683,0.168,0.424,0.281,0.147,0.099,0.531,0.434,0.37,0.574,0.24
DXC.N,0.897,0.04,0.376,0.877,0.844,0.865,0.952,0.396,0.196,0.131,0.804,0.283,0.947,0.804,0.891,0.273,0.044,0.913,0.158,0.01,0.394,0.004,0.24,0.895,0.358,0.842,0.893,0.941
WMB.N,0.503,0.337,0.711,0.723,0.349,0.596,0.653,0.642,0.455,0.265,0.566,0.135,0.877,0.545,0.897,0.216,0.616,0.798,0.554,0.614,0.509,0.352,0.713,0.37,0.459,0.497,0.657,0.026
IP.N,0.289,0.665,0.972,0.531,0.382,0.343,0.747,0.39,0.539,0.521,0.897,0.933,0.343,0.962,0.461,0.287,0.079,0.733,0.156,0.143,0.323,0.079,0.018,0.477,0.006,0.792,0.719,0.321
O.N,0.428,0.64,0.495,0.659,0.79,0.792,0.156,0.574,0.313,0.424,0.234,0.133,0.634,0.109,0.564,0.067,0.972,0.705,0.204,0.61,0.481,0.467,0.459,0.046,0.648,0.634,0.661,0.444
FLT.N,0.685,0.402,0.463,0.582,0.6,0.64,0.741,0.137,0.38,0.248,0.871,0.703,0.683,0.853,0.939,0.59,0.681,0.808,0.749,0.19,0.947,0.188,0.345,0.657,0.861,0.285,0.17,0.39
FITB.OQ,0.927,0.093,0.721,0.998,0.895,0.919,0.818,0.438,0.04,0.034,0.927,0.463,0.964,0.925,0.895,0.078,0.661,0.804,0.17,0.4,0.362,0.576,0.079,0.741,0.184,0.382,0.303,0.368
GEN.OQ,0.149,0.863,0.343,0.214,0.164,0.162,0.758,0.846,0.887,0.818,0.467,0.638,0.341,0.604,0.172,0.834,0.766,0.865,0.836,0.204,0.484,0.093,0.071,0.469,0.295,0.586,0.677,0.036
GE.N,0.719,0.297,0.76,0.883,0.802,0.76,0.59,0.277,0.115,0.137,0.899,0.614,0.804,0.923,0.648,0.059,0.158,0.701,0.396,0.79,0.723,0.842,0.794,0.467,0.566,0.253,0.372,0.499
UPS.N,0.198,0.812,0.261,0.139,0.19,0.085,0.885,0.786,0.952,0.883,0.562,0.855,0.154,0.731,0.135,0.851,0.273,0.335,0.851,0.905,0.055,0.855,0.184,0.343,0.059,0.374,0.731,0.945
HON.OQ,0.485,0.562,0.925,0.661,0.673,0.747,0.202,0.6,0.184,0.283,0.693,0.576,0.616,0.606,0.523,0.578,0.687,0.265,0.824,0.897,0.719,0.897,0.238,0.091,0.531,0.152,0.337,0.596
BALL.N,0.398,0.707,0.368,0.234,0.497,0.62,0.093,0.206,0.626,0.598,0.143,0.358,0.275,0.412,0.158,0.382,0.174,0.8,0.638,0.253,0.625,0.137,0.162,0.83,0.877,0.909,0.986,0.707
MKC.N,0.048,0.935,0.638,0.04,0.059,0.071,0.119,0.945,0.949,0.96,0.168,0.695,0.065,0.03,0.123,0.426,0.608,0.519,0.671,0.39,0.832,0.216,0.552,0.236,0.974,0.768,0.929,0.156
FSLR.OQ,0.59,0.372,0.147,0.576,0.408,0.412,0.438,0.521,0.444,0.509,0.43,0.317,0.632,0.141,0.58,0.411,0.832,0.057,0.469,0.246,0.933,0.883,0.994,0.956,0.842,0.869,0.044,0.984
IDXX.OQ,0.653,0.572,0.053,0.212,0.8,0.826,0.006,0.02,0.675,0.558,0.012,0.053,0.325,0.006,0.315,0.986,0.945,0.105,0.994,0.549,0.232,0.586,0.537,0.756,0.493,0.745,0.899,0.857
REG.OQ,0.634,0.535,0.735,0.842,0.836,0.816,0.378,0.404,0.149,0.281,0.626,0.457,0.661,0.78,0.834,0.203,0.919,0.653,0.269,0.105,0.453,0.022,0.382,0.368,0.461,0.493,0.63,0.349
APA.OQ,0.905,0.024,0.471,0.913,0.549,0.756,0.84,0.091,0.154,0.059,0.824,0.115,0.998,0.679,0.998,0.669,0.255,0.63,0.96,0.23,0.382,0.448,0.877,0.966,0.119,0.701,0.038,0.099
GL.N,0.422,0.356,0.99,0.749,0.368,0.463,0.966,0.774,0.242,0.404,0.982,0.919,0.691,0.907,0.558,0.129,0.424,0.398,0.461,0.129,0.376,0.034,0.547,0.147,0.636,0.23,0.121,0.475
FE.N,0.184,0.828,0.725,0.281,0.125,0.192,0.398,0.719,0.762,0.81,0.451,0.701,0.261,0.398,0.174,0.186,0.366,0.889,0.384,0.426,0.511,0.372,0.596,0.123,0.408,0.218,0.289,0.055
MOS.N,0.626,0.188,0.483,0.851,0.356,0.602,0.899,0.327,0.358,0.174,0.855,0.198,0.988,0.857,0.954,0.597,0.121,0.6,0.152,0.224,0.152,0.335,0.626,0.911,0.012,0.642,0.285,0.065
OKE.N,0.949,0.008,0.517,0.984,0.588,0.842,0.806,0.269,0.032,0.03,0.691,0.04,0.996,0.442,0.994,0.403,0.242,0.739,0.648,0.497,0.585,0.321,0.78,0.562,0.315,0.691,0.82,0.121
LRCX.OQ,0.976,0.164,0.095,0.515,0.984,0.945,0.038,0.099,0.315,0.154,0.147,0.083,0.59,0.307,0.642,0.972,0.564,0.21,0.818,0.733,0.283,0.911,0.543,0.909,0.756,0.519,0.202,0.855
ALGN.OQ,0.915,0.228,0.081,0.655,0.986,0.867,0.026,0.006,0.164,0.257,0.204,0.123,0.63,0.339,0.665,0.859,0.697,0.012,0.622,0.267,0.078,0.679,0.178,0.968,0.03,0.677,0.216,0.301
JNJ.N,0.016,0.984,0.897,0.028,0.028,0.022,0.554,0.974,0.976,0.984,0.582,0.976,0.036,0.301,0.028,0.791,0.745,0.18,0.756,0.986,0.788,0.968,0.384,0.002,0.41,0.002,0.109,0.808
MCHP.OQ,0.964,0.01,0.113,0.703,0.828,0.636,0.566,0.103,0.269,0.253,0.495,0.16,0.806,0.529,0.877,0.846,0.772,0.43,0.772,0.6,0.162,0.82,0.644,0.786,0.42,0.786,0.77,0.863
MU.OQ,0.766,0.17,0.182,0.669,0.646,0.584,0.497,0.162,0.396,0.356,0.541,0.36,0.675,0.669,0.8,0.812,0.368,0.499,0.123,0.723,0.396,0.933,0.333,0.84,0.721,0.693,0.113,0.269
AEE.N,0.083,0.958,0.909,0.115,0.162,0.152,0.174,0.905,0.853,0.877,0.202,0.729,0.081,0.335,0.038,0.167,0.552,0.834,0.394,0.41,0.594,0.228,0.612,0.085,0.352,0.549,0.798,0.224
EMR.N,0.598,0.291,0.871,0.83,0.543,0.549,0.798,0.317,0.327,0.149,0.893,0.568,0.842,0.774,0.915,0.648,0.558,0.372,0.717,0.731,0.339,0.689,0.271,0.271,0.378,0.398,0.479,0.754
GPN.N,0.782,0.398,0.238,0.547,0.911,0.915,0.446,0.236,0.291,0.295,0.487,0.378,0.626,0.697,0.719,0.337,0.541,0.796,0.137,0.473,0.479,0.424,0.063,0.76,0.489,0.339,0.083,0.6
ES.N,0.147,0.943,0.784,0.095,0.309,0.261,0.089,0.747,0.78,0.838,0.156,0.632,0.107,0.226,0.042,0.289,0.469,0.869,0.307,0.495,0.446,0.341,0.37,0.156,0.349,0.273,0.489,0.059
FCX.N,0.917,0.067,0.327,0.834,0.982,0.99,0.313,0.002,0.131,0.002,0.723,0.079,0.986,0.782,0.97,0.64,0.446,0.436,0.558,0.721,0.261,0.764,0.523,0.921,0.107,0.467,0.265,0.562
CCL.N,0.99,0.051,0.236,0.927,0.978,0.901,0.79,0.168,0.038,0.026,0.792,0.327,0.915,0.695,0.863,0.004,0.178,0.986,0.143,0.083,0.503,0.289,0.145,1.0,0.782,0.994,0.6,0.723
FISV.OQ,0.434,0.568,0.414,0.477,0.467,0.505,0.234,0.683,0.56,0.592,0.408,0.527,0.432,0.675,0.529,0.315,0.626,0.648,0.354,0.76,0.762,0.79,0.632,0.388,0.747,0.168,0.23,0.438
DUK.N,0.121,0.933,0.958,0.208,0.212,0.265,0.087,0.804,0.735,0.808,0.172,0.531,0.188,0.19,0.081,0.134,0.521,0.891,0.222,0.81,0.596,0.626,0.414,0.055,0.519,0.277,0.594,0.18
CI.N,0.372,0.517,0.853,0.404,0.293,0.499,0.537,0.741,0.479,0.533,0.721,0.778,0.412,0.655,0.384,0.293,0.071,0.638,0.392,0.842,0.661,0.796,0.503,0.228,0.665,0.228,0.277,0.675
COO.N,0.396,0.57,0.255,0.354,0.743,0.6,0.012,0.014,0.574,0.485,0.075,0.287,0.232,0.139,0.358,0.371,0.758,0.376,0.398,0.265,0.954,0.065,0.604,0.519,0.752,0.794,0.816,0.568
TER.OQ,0.853,0.257,0.097,0.525,0.923,0.745,0.147,0.069,0.414,0.271,0.297,0.352,0.477,0.459,0.513,0.974,0.683,0.04,0.741,0.194,0.089,0.523,0.331,0.816,0.21,0.705,0.509,0.889
CPB.N,0.014,0.99,0.776,0.018,0.034,0.044,0.382,0.99,0.984,0.98,0.394,0.964,0.016,0.4,0.055,0.473,0.347,0.594,0.677,0.283,0.513,0.18,0.64,0.051,0.826,0.935,0.943,0.665
FANG.OQ,0.861,0.02,0.562,0.933,0.388,0.709,0.949,0.356,0.246,0.077,0.895,0.248,0.99,0.778,0.992,0.631,0.481,0.457,0.265,0.446,0.257,0.663,0.915,0.875,0.212,0.879,0.408,0.362
STZ.N,0.56,0.273,0.669,0.594,0.299,0.606,0.517,0.812,0.232,0.497,0.648,0.364,0.739,0.42,0.612,0.485,0.717,0.549,0.632,0.638,0.673,0.509,0.471,0.143,0.743,0.232,0.214,0.594
IRM.N,0.386,0.834,0.507,0.481,0.63,0.477,0.594,0.38,0.576,0.495,0.279,0.297,0.505,0.311,0.463,0.18,0.523,0.857,0.966,0.212,0.685,0.057,0.881,0.572,0.754,0.952,1.0,0.152
DTE.N,0.305,0.63,0.873,0.509,0.246,0.382,0.477,0.808,0.543,0.59,0.364,0.255,0.638,0.234,0.412,0.065,0.206,0.887,0.446,0.406,0.726,0.246,0.412,0.075,0.556,0.202,0.046,0.192
PPL.N,0.384,0.758,0.937,0.483,0.644,0.735,0.158,0.78,0.236,0.42,0.497,0.574,0.457,0.329,0.226,0.113,0.547,0.832,0.216,0.386,0.566,0.311,0.479,0.077,0.545,0.305,0.246,0.242
SBUX.OQ,0.525,0.388,0.192,0.511,0.519,0.345,0.661,0.368,0.503,0.612,0.335,0.321,0.527,0.099,0.394,0.687,0.614,0.311,0.036,0.865,0.73,0.921,0.509,0.543,0.487,0.327,0.41,0.939
ZBRA.OQ,0.745,0.349,0.111,0.465,0.699,0.58,0.41,0.281,0.632,0.501,0.349,0.566,0.329,0.917,0.628,0.875,0.44,0.364,0.689,0.176,0.022,0.196,0.087,0.887,0.366,0.608,0.416,0.83
ODFL.OQ,0.511,0.513,0.156,0.41,0.311,0.18,0.549,0.628,0.786,0.648,0.218,0.158,0.562,0.6,0.677,0.939,0.774,0.038,0.848,0.525,0.046,0.681,0.756,0.768,0.125,0.919,0.962,0.929
PAYX.OQ,0.545,0.549,0.499,0.497,0.398,0.681,0.362,0.422,0.481,0.487,0.523,0.376,0.646,0.218,0.382,0.784,0.909,0.067,0.915,0.634,0.219,0.634,0.709,0.277,0.43,0.711,0.909,0.382
TRV.N,0.253,0.586,0.976,0.677,0.37,0.418,0.695,0.81,0.471,0.564,0.83,0.737,0.604,0.784,0.43,0.174,0.22,0.37,0.376,0.651,0.871,0.602,0.717,0.127,0.81,0.469,0.64,0.584
EOG.N,0.584,0.089,0.745,0.836,0.21,0.323,0.994,0.608,0.442,0.226,0.947,0.513,0.956,0.905,0.986,0.756,0.545,0.172,0.519,0.796,0.335,0.725,0.873,0.853,0.208,0.38,0.329,0.323
LYB.N,0.768,0.032,0.758,0.98,0.729,0.721,0.836,0.349,0.103,0.079,0.901,0.331,0.974,0.933,0.964,0.863,0.061,0.727,0.38,0.479,0.311,0.374,0.325,0.549,0.327,0.578,0.749,0.337
CSX.OQ,0.457,0.352,0.679,0.6,0.137,0.275,0.905,0.705,0.62,0.507,0.628,0.372,0.713,0.457,0.762,0.576,0.715,0.596,0.691,0.766,0.656,0.78,0.442,0.22,0.731,0.103,0.036,0.218
ADM.N,0.16,0.786,0.994,0.459,0.139,0.202,0.802,0.883,0.683,0.642,0.933,0.875,0.554,0.879,0.448,0.562,0.063,0.388,0.356,0.703,0.295,0.529,0.689,0.416,0.238,0.343,0.576,0.164
GRMN.N,0.469,0.547,0.273,0.438,0.661,0.497,0.39,0.291,0.487,0.499,0.586,0.642,0.422,0.461,0.4,0.786,0.618,0.012,0.499,0.297,0.735,0.105,0.149,0.394,0.935,0.186,0.315,0.491
AFL.N,0.776,0.16,0.883,0.855,0.806,0.911,0.574,0.475,0.101,0.125,0.78,0.329,0.901,0.523,0.707,0.141,0.398,0.422,0.297,0.661,0.617,0.459,0.804,0.099,0.661,0.487,0.782,0.602
NUE.N,0.709,0.279,0.6,0.622,0.545,0.8,0.762,0.293,0.432,0.214,0.725,0.345,0.838,0.82,0.711,0.978,0.115,0.465,0.315,0.552,0.129,0.521,0.848,0.863,0.085,0.758,0.768,0.133
ANET.N,0.63,0.331,0.133,0.36,0.269,0.347,0.471,0.61,0.693,0.669,0.224,0.408,0.327,0.059,0.275,0.879,0.933,0.012,0.838,0.584,0.051,0.715,0.941,0.828,0.226,0.261,0.228,0.792
GM.N,0.891,0.121,0.394,0.907,0.84,0.812,0.717,0.41,0.044,0.105,0.729,0.271,0.899,0.846,0.824,0.277,0.032,0.978,0.087,0.683,0.316,0.756,0.129,0.814,0.404,0.44,0.139,0.588
PWR.N,0.602,0.428,0.535,0.735,0.566,0.646,0.737,0.139,0.329,0.255,0.782,0.442,0.828,0.828,0.655,0.433,0.226,0.434,0.586,0.368,0.782,0.212,0.988,0.588,0.836,0.8,0.889,0.402
WAT.N,0.23,0.752,0.398,0.279,0.257,0.168,0.469,0.764,0.764,0.814,0.412,0.693,0.244,0.661,0.206,0.949,0.846,0.182,0.988,0.366,0.028,0.267,0.366,0.602,0.018,0.717,0.877,0.776
DIS.N,0.677,0.341,0.269,0.628,0.634,0.594,0.792,0.552,0.451,0.41,0.669,0.554,0.61,0.632,0.673,0.206,0.349,0.612,0.234,0.919,0.23,0.909,0.024,0.689,0.374,0.281,0.04,0.325
ECL.N,0.743,0.552,0.374,0.448,0.947,0.798,0.226,0.093,0.341,0.335,0.337,0.539,0.347,0.887,0.424,0.442,0.531,0.451,0.729,0.632,0.863,0.416,0.2,0.515,0.923,0.115,0.149,0.453
ORLY.OQ,0.182,0.832,0.62,0.236,0.176,0.226,0.253,0.913,0.77,0.828,0.473,0.673,0.311,0.36,0.305,0.895,0.64,0.192,0.036,0.711,0.993,0.802,0.984,0.129,0.986,0.446,0.386,0.315
MAA.N,0.442,0.772,0.549,0.422,0.796,0.887,0.004,0.36,0.37,0.527,0.083,0.22,0.297,0.107,0.279,0.505,0.929,0.523,0.507,0.319,0.733,0.095,0.507,0.244,0.78,0.653,0.848,0.23
XRAY.OQ,0.558,0.477,0.511,0.721,0.792,0.81,0.259,0.053,0.176,0.305,0.485,0.481,0.523,0.729,0.547,0.436,0.309,0.614,0.313,0.02,0.656,0.085,0.091,0.648,0.535,0.939,0.945,0.392
GOOG.OQ,0.473,0.481,0.028,0.111,0.255,0.244,0.43,0.186,0.772,0.723,0.386,0.63,0.285,0.337,0.442,0.936,0.678,0.054,0.627,0.995,0.915,0.984,0.63,0.737,0.958,0.02,0.061,0.107
TDG.N,0.879,0.111,0.301,0.949,0.931,0.873,0.519,0.23,0.053,0.085,0.457,0.105,0.857,0.444,0.885,0.335,0.828,0.83,0.036,0.562,0.993,0.471,0.943,0.513,0.871,0.709,0.891,0.533
TYL.N,0.471,0.624,0.036,0.202,0.701,0.398,0.133,0.335,0.697,0.683,0.061,0.339,0.164,0.192,0.257,0.54,0.857,0.188,0.705,0.184,0.982,0.099,0.582,0.699,0.883,0.418,0.327,0.378
QCOM.OQ,0.648,0.453,0.085,0.269,0.541,0.438,0.323,0.065,0.655,0.616,0.275,0.438,0.376,0.394,0.525,0.988,0.507,0.299,0.792,0.875,0.053,0.952,0.364,0.762,0.065,0.297,0.162,0.097
DHR.N,0.277,0.788,0.115,0.099,0.451,0.248,0.107,0.222,0.865,0.844,0.081,0.459,0.135,0.133,0.089,0.612,0.826,0.22,0.6,0.937,0.059,0.901,0.406,0.529,0.101,0.026,0.251,0.651
NFLX.OQ,0.505,0.457,0.034,0.143,0.562,0.491,0.228,0.121,0.804,0.729,0.16,0.422,0.255,0.491,0.202,0.717,0.689,0.24,0.776,0.889,0.606,0.982,0.41,0.929,0.806,0.628,0.02,0.4
