timestamp,Return On Assets - Actual,Price To Sales Per Share,Total Debt To Enterprise Value,Price To Book Value Per Share,Company Market Capitalization,Trailing 30-day Price Net Change,Average Daily Value Traded - 30 Days,Weekly Sharpe Ratio - 2 Year,Volatility - 260 days,Weekly Beta Up - 2 Year,Weekly Beta Down - 2 Year,RSI Simple - 14 Days,Short Interest Pct,Days To Cover
POOL.OQ,7.519,1.92931,11.39854,9.91477,11806173339.94,3.53,54408069.60043,-0.03274,41.96546,1.15032,1.18047,42.60158,8.59666,8.03519
CHRW.OQ,13.869,0.41243,17.78943,6.58193,10777478890.08,2.59,50876413.82435,0.01421,30.64542,0.95769,0.55854,51.19387,9.40968,9.09524
AJG.N,7.519,4.67943,13.7307,4.63554,39751773600.0,28.95,59538153.37,0.18397,23.77723,0.99571,0.96213,76.74308,0.55431,1.52279
CNP.N,2.81,2.11562,44.93284,1.88967,18879773573.69,0.71,31035428.96696,0.07471,23.48949,0.68376,0.80387,39.78495,1.63933,3.2489
AMCR.N,7.07,1.19535,28.75723,4.51413,17734222911.96,-0.84,22436187.10957,-0.06245,27.51662,0.93952,0.95321,34.66135,2.04985,4.40782
WM.N,7.0,3.31236,17.95499,9.18765,64395646820.48,7.71,80020736.34217,0.07365,19.8425,0.54022,0.75553,62.37006,0.91432,2.38673
BA.N,-3.82,1.84837,36.54885,-6.41053,113528838244.08,-10.34,178032085.68522,0.00146,42.51512,1.34587,1.04949,40.96901,1.39773,1.36311
FOX.OQ,7.049,1.16717,38.88449,1.43499,16020383676.38,-2.62,14649501.77957,-0.06606,29.93305,0.48572,0.86933,35.14493,0.58248,1.1974
LIN.N,6.57,4.75857,8.83747,4.28555,160663461847.02,18.79,178748559.00217,0.09125,25.89978,1.2546,0.80437,53.01926,0.67014,2.2078
WY.N,14.1,2.10212,19.47474,2.05409,22213068855.068,0.58,40005308.87522,-0.0451,30.41218,0.83946,1.03763,42.28457,1.86881,4.21647
MCD.N,13.13,8.29633,15.45497,-29.39438,193015668258.76,18.35,208742533.15913,0.11804,17.82965,0.79958,0.58334,57.56173,0.87426,2.41926
HD.N,23.07,2.04665,11.85469,248.21048,321920096908.92,5.11,275935810.44652,-0.01931,28.61765,0.95316,0.9218,39.79163,1.29716,3.14664
SPG.N,6.549,7.72094,37.68743,12.7123,40285468464.12,-1.21,44848912.00913,-0.02074,31.51173,0.79016,1.05649,39.44505,1.84886,3.93375
HBAN.OQ,0.85,3.84039,27.42371,1.18712,20342552995.5,-1.86,51583572.00261,-0.09855,37.71879,1.04121,1.14215,23.18436,3.59135,3.60938
QRVO.OQ,18.699,2.05429,19.82804,2.14033,9189941832.72,-10.64,51588920.41565,-0.17139,42.33419,1.24789,0.92404,43.13421,2.54204,2.2204
LVS.N,-4.419,9.18107,33.19408,9.41679,36733472118.2,4.58,74201643.85609,0.03393,46.19447,1.19698,0.12226,34.34178,2.20005,3.35629
CTRA.N,9.269,2.15365,10.79272,1.52901,19372642814.07,0.76,41263498.86217,0.08765,42.9266,0.57399,1.73887,41.93548,4.11547,3.23724
ON.OQ,14.06,3.34258,11.67551,4.76825,26970258248.01,-0.49,160888996.88348,0.17336,55.11007,1.66744,1.63027,63.15193,5.48171,4.41716
AIG.N,0.75,0.80584,54.06858,1.21093,46986055832.4,2.67,66427587.52652,0.02234,32.73834,0.95029,1.15941,52.76631,0.84543,1.32936
AIZ.N,7.519,0.65333,29.14215,1.61376,6607098510.74,10.93,16543664.41522,-0.05171,31.5978,0.51572,0.98488,73.34087,1.77164,1.6578
CARR.N,7.849,1.68692,21.83451,4.82275,34495787493.75,-2.69,76240107.34826,0.01475,33.48167,1.42785,1.16083,52.96343,0.8702,2.16533
EVRG.OQ,2.919,2.53345,44.70589,1.50322,14444724708.05,1.92,28358239.21435,0.00595,23.88194,0.46605,0.90605,45.5335,0.77572,0.6843
COST.OQ,9.47,0.87679,3.31396,9.43661,202562304934.0,12.59,282246709.78522,0.10965,30.04136,1.08794,1.02237,43.57405,0.99959,1.88579
MCO.N,17.05,8.92832,13.12749,22.63091,51043184000.0,8.77,61901036.5213,-0.00306,33.19029,1.55493,0.79946,58.68175,1.93291,5.44879
DIS.N,3.359,1.91525,23.28631,1.62863,158433671917.44,-6.11,225194585.82652,-0.17564,36.55278,0.98228,1.15949,37.60877,1.12031,1.26578
PAYX.OQ,14.5,8.64796,1.9611,12.99703,41655514286.88,-6.65,84039263.02348,0.04703,27.0547,0.94825,1.03367,39.96991,2.44214,5.41165
AMD.OQ,32.13,4.57475,2.43418,1.91429,104432308612.74,-2.62,845575740.69913,0.08005,56.42998,1.35936,2.25427,60.83404,2.00594,0.56886
REG.OQ,3.33,8.86515,25.97766,1.74403,10695170000.0,-0.98,18802121.86696,-0.0209,28.51766,0.88311,1.02028,41.11245,1.63158,3.00802
DHI.N,21.55,0.91736,17.51986,1.58071,30713003639.02,13.36,84846255.07783,0.05597,37.94653,1.52182,1.16196,50.28289,4.09921,5.52052
TRV.N,2.969,1.21057,14.45027,2.20682,43937817462.25,11.27,76351124.89652,0.04926,23.69461,0.75201,0.65853,58.9372,1.57553,3.05568
BIO.N,3.08,4.47129,10.14328,1.48348,12460413991.44,-99.27,18896424.90826,-0.07879,42.3742,1.07807,0.85429,23.1394,1.02013,1.56801
MOS.N,9.189,0.80381,22.42732,1.28288,14858424466.6102,-9.91,46879034.95696,0.02854,49.65906,0.55013,1.18865,15.44901,2.1424,2.04621
BWA.N,6.099,0.61407,32.87315,1.3911,9424695682.5,-4.1,32614047.43696,-0.01794,33.92957,1.3452,1.20971,27.35426,2.15912,2.91909
WDC.OQ,9.919,0.5734,47.00254,0.82869,10021866807.25,-4.25,49687930.25913,-0.108,46.64704,1.68014,1.82227,50.83227,2.54494,1.77312
VTR.N,0.2,4.3918,40.50926,1.69556,18007295224.25,2.03,33395595.32348,-0.03084,30.50878,1.16828,0.8947,56.68135,2.11729,3.92926
IVZ.N,4.16,1.28466,38.62557,0.54898,8181852000.0,-0.89,20930708.44652,-0.10503,40.42451,1.75148,1.06544,27.54821,3.45858,4.09602
ZBRA.OQ,17.17,2.30433,14.10722,5.0004,13238396505.18,-42.95,34497508.07826,-0.11317,46.54857,1.80631,1.19982,37.34926,2.04274,2.33015
AMAT.OQ,25.71,3.18799,6.41409,6.7401,82202326128.36,-6.02,228398321.66522,0.02008,45.45874,2.19589,1.81797,57.31995,1.36415,1.76717
STX.OQ,20.81,1.02652,38.2212,-30.9416,10861564037.43,-7.41,56908661.39174,-0.08157,41.9947,1.12996,1.51504,52.61194,4.88808,4.57282
FDS.N,16.68,8.32316,11.8051,11.46451,15347015911.88,-12.32,28854685.62391,0.08172,28.21633,1.10785,0.76703,33.79995,1.1648,1.71381
SYK.N,10.08,5.15461,12.29463,5.61957,92515016000.0,4.76,96418193.46783,0.06378,28.65401,1.04059,1.18088,23.93835,1.62099,4.93692
VRSN.OQ,33.02,15.60164,7.91332,-14.15863,21780020720.64,16.63,41889238.4713,0.02451,28.4524,1.10578,1.21448,60.52241,1.45185,1.84951
TECH.OQ,14.199,11.64137,2.02476,7.42723,13009635143.68,8.87,40362339.52609,-0.02557,37.87422,1.08381,1.07657,43.73882,1.50423,2.82103
NVR.N,21.3,1.46288,6.59011,4.80269,14741284458.46,405.3,44073574.27391,0.06921,32.34746,1.11095,0.91495,39.97313,1.67419,2.89777
BBWI.N,13.98,1.25005,34.24611,-3.68261,9625391876.1,-3.27,27880434.19522,-0.05545,55.98105,0.96417,0.96175,28.61314,6.2509,3.3861
LOW.N,18.48,1.25562,22.22319,-9.46034,120480941043.0,10.61,175467079.55739,0.02531,31.46823,1.20988,1.12587,38.81541,1.75688,3.58754
BSX.N,7.419,5.27358,11.5192,3.75644,66273043018.14,3.74,157908160.50304,0.12092,23.13647,0.87158,0.91222,68.65672,0.98481,2.57084
SYY.N,3.84,0.54332,22.01026,34.73538,38742377362.7,-2.3,68554787.33304,-0.0225,26.0221,1.02823,0.75785,46.40468,2.568,6.44337
FCX.N,10.29,2.34255,16.28247,3.63127,54314433258.0,-5.21,118287089.79783,0.00652,50.37111,1.2791,1.15111,26.3048,1.573,1.99003
MAS.N,16.37,1.19893,24.61537,-17.04174,10525444170.41,3.57,31246828.07043,-0.04249,34.46005,1.2531,1.00114,55.53022,2.59219,3.7307
BEN.N,7.11,1.59472,45.07537,1.14852,13196807411.76,-1.77,29202244.58957,-0.0691,35.5103,1.41387,0.97888,23.95833,4.13485,7.04696
META.OQ,24.21,2.67159,3.69457,2.58438,315555188424.08,25.97,1281214513.75652,-0.01277,59.31758,0.8256,1.12974,68.4905,1.10194,0.97776
EXPD.OQ,22.579,0.8692,0.0,4.74892,16537453025.28,5.9,61127943.17478,0.00058,31.80439,1.46584,0.99469,50.60006,4.79015,4.67949
PAYC.N,8.939,13.92416,0.16414,16.6825,17956542754.15,-27.78,43387572.3913,-0.0052,47.58818,1.64141,0.97655,31.78012,1.80563,2.65967
EXPE.OQ,1.28,1.20706,37.30584,6.04428,13673560737.6,-6.68,83388515.84174,-0.08629,49.72317,1.43995,1.09619,40.33442,3.04969,2.08367
RJF.N,2.259,2.04233,76.42731,2.43031,23094690959.75,-7.78,34196516.98261,0.00643,32.42798,1.12602,0.93492,23.47328,2.12851,3.65219
CL.N,17.559,3.70929,11.24632,105.79828,65806527605.9,6.73,129165988.43783,-0.0036,19.08482,0.42495,0.6993,75.43424,0.77779,1.88875
VICI.N,5.849,14.59606,31.10464,1.43735,32314873374.0,0.09,40199097.77,0.0231,25.21012,0.57719,0.58172,37.71429,3.42205,6.12659
CE.N,17.75,1.15476,87.52323,2.23868,11085685979.04,-5.6,35916917.64913,-0.09786,41.06094,1.46068,1.39688,40.96786,2.52046,2.84735
UNH.N,8.88,1.57202,9.47806,6.64092,495374145837.111,21.17,385814017.90609,0.06568,23.54602,0.85045,0.891,52.37996,0.67713,2.1835
ARE.N,2.12,9.57788,28.04375,1.34471,23902593494.92,-4.52,29862360.16261,-0.10546,32.2711,1.08811,1.46989,40.09495,1.32508,2.76206
GEN.OQ,15.539,4.96455,43.30461,8.3423,14263165271.44,-0.56,26453736.96217,-0.12166,31.09378,0.33549,0.91847,34.57944,1.9434,3.21568
LLY.N,15.58,11.88848,4.40299,34.5193,347613082936.0,93.74,303981608.57565,0.21982,26.56188,0.77797,0.40511,78.42199,0.59186,2.21719
CDAY.N,0.58,8.26465,11.45786,4.80144,9853110718.05,-12.56,34188647.19391,-0.04702,52.26912,1.46814,1.05979,29.33199,8.19008,9.02341
GRMN.N,14.56,3.57671,0.0,3.01731,17688664376.57,4.95,27600900.72652,-0.08589,29.24574,0.94137,0.93336,70.77344,0.94622,2.13374
PODD.OQ,3.43,16.44414,6.64145,47.75663,20445003676.17,13.35,62027204.77652,0.09421,44.88165,1.15097,0.49938,60.92677,3.0873,6.6713
NWL.OQ,5.389,0.54213,55.01188,1.4327,5409888000.0,-2.77,19878728.21565,-0.20794,42.65615,1.64603,1.19323,14.72684,5.43363,4.90989
ISRG.OQ,14.689,15.32725,0.0,8.14111,93770595649.5,53.97,187833169.74739,0.05321,37.80436,1.31209,1.48987,58.0786,0.80808,1.57325
AVB.N,5.14,8.9491,26.40907,2.01472,22596220133.52,16.92,45153258.76696,-0.02843,27.02715,0.48913,0.89546,66.65103,1.62652,2.90306
TPR.N,11.97,1.36746,16.32573,4.06734,9175806342.08,-0.89,35910685.89609,-0.00549,42.38362,1.29873,0.78327,46.96721,4.27985,3.02851
CBRE.N,9.019,0.77974,11.3549,3.07474,24315399484.48,2.26,37356820.6913,-0.03734,33.25009,1.17027,0.9809,56.98555,1.68155,3.73409
CINF.OQ,7.519,2.4081,5.5078,1.7056,16300431992.67,-6.79,28594210.38174,-0.02871,32.62109,0.5987,1.07217,44.09496,2.3999,7.53637
SEE.N,8.779,1.25106,34.3123,33.06756,7215517197.36,-1.98,18373548.71652,-0.06272,34.16234,1.41447,1.33363,32.47588,2.028,3.29984
WMB.N,3.609,3.54872,35.87489,3.54026,40072200000.0,-0.13,48232626.37,0.04872,28.51905,0.40592,1.26818,41.08659,1.64208,3.13548
EA.OQ,14.83,4.63027,5.56964,4.34007,33731482990.12,6.37,109393148.54217,-0.01405,24.87858,0.67913,0.42399,35.26819,1.32054,2.23273
TMUS.OQ,1.49,2.17501,32.49271,2.49486,174181578760.0,-0.45,263462491.8287,0.01656,23.77259,0.71141,0.77201,46.15385,1.41278,3.59632
CB.N,2.85,2.17044,14.97931,1.92182,91560090444.4,6.85,100713784.07044,0.06682,22.8592,0.67933,0.82149,49.34555,0.44151,1.14297
TXN.OQ,35.289,7.42689,5.33415,10.36398,149948998256.64,-22.36,348345979.22478,-0.03338,29.07331,1.07282,0.68538,25.01782,2.25694,4.29388
MDLZ.OQ,5.839,2.98823,19.59932,3.42092,91018473558.2,8.3,170921710.09304,0.08969,19.64702,0.6461,0.64605,83.83501,0.86775,2.14975
BRO.N,7.519,4.73108,20.90281,3.74417,16135178247.99,9.06,38213154.31391,0.0998,29.85514,0.98787,1.25758,76.25,1.1705,3.22548
BALL.N,6.09,1.03741,36.0768,4.61357,16053876471.0,1.92,28984978.16435,-0.0809,42.58853,1.59748,1.22353,62.42079,4.51255,8.54718
PFG.OQ,7.519,1.45297,19.61105,2.17569,20533779736.8,-6.65,54117392.38174,0.02378,31.79038,1.31883,0.74964,24.39479,4.06214,6.31833
KEYS.N,17.48,5.64327,5.91017,7.33862,30586539342.2,-12.8,50034451.10087,0.0339,32.13964,1.10425,0.99912,46.15385,1.60395,3.16728
SEDG.OQ,10.24,5.71293,4.28399,7.71547,15833341241.25,5.82,115781988.5187,0.08492,66.8946,2.4684,1.36151,43.6978,4.09245,2.55249
PCG.N,2.129,1.85972,55.84025,1.45363,40088114155.5,1.56,56715974.19739,0.13646,29.63257,0.45874,1.04195,61.31387,3.67396,6.05095
RL.N,7.98,1.08781,21.04444,3.10601,6971313123.97,-1.92,21570133.1887,-0.023,39.09519,1.0257,0.80995,41.64821,7.18612,5.57011
JPM.N,1.3,5.26056,151.14375,1.36569,393342775480.8,5.35,408670878.7087,-0.04909,28.18913,1.29897,0.94675,36.52987,0.58127,1.82377
TTWO.OQ,9.4,4.03658,16.876,1.84892,17475005590.38,8.67,68374655.99522,-0.03879,39.32813,0.53983,0.61376,44.17319,3.95822,3.46336
CDW.OQ,4.219,1.01387,20.55936,18.22162,24178121565.56,-19.83,73193663.42261,0.02008,31.23491,0.97825,0.94167,60.14151,0.75805,1.82957
RMD.N,17.32,8.41176,2.55936,8.87956,30487642074.5,17.55,39391349.29913,0.06854,27.74446,0.93135,1.45743,54.27597,0.69113,1.96916
LNT.OQ,3.629,3.40263,38.86722,2.21212,13858915234.3,2.12,31951083.90739,-0.00292,24.28863,0.73501,0.91212,45.64103,1.13192,2.21396
CMG.N,11.47,4.57091,0.0,16.54402,38462765688.88,373.46,108949196.21304,0.12902,35.71564,1.25128,0.76375,79.24036,3.29828,3.70591
PCAR.OQ,6.429,1.25724,25.99104,2.66953,34418574079.255,0.52,98839915.72435,0.0627,26.19977,0.93318,0.64263,45.63025,1.55501,2.63451
GNRC.N,15.259,1.39167,17.85654,2.75026,6377455425.32,-0.48,27221168.68696,-0.10296,69.11495,1.21204,2.32607,56.57309,9.55438,3.19399
CHTR.OQ,3.25,0.9856,63.50201,5.93863,52788470487.1,-10.96,142947370.89783,-0.12312,40.73477,0.60022,1.68141,53.68753,5.75934,5.74637
PWR.N,6.73,1.22813,16.2795,3.92072,20363414730.0,7.33,36358289.86783,0.17857,33.48183,0.85091,0.91153,60.28003,2.97813,4.99285
CCL.N,-10.63,1.05468,92.11151,1.21107,9988776393.77632,-0.33,43176163.37522,-0.08727,75.19337,2.3442,1.77104,58.01749,11.91456,2.88593
PM.N,22.019,4.94721,15.08231,-17.1714,156895975289.05,-1.5,130028351.41826,0.00187,22.49943,0.89724,0.73035,34.08867,0.45567,1.32597
COO.N,5.849,4.93275,14.58612,2.27222,16320014157.28,22.69,23047471.57217,0.0243,32.13045,1.39695,1.25574,56.10458,2.89182,4.11497
SNA.N,19.7,2.5337,9.55699,2.81323,12145303465.11,14.13,26266248.81739,0.01577,25.45709,0.81843,0.89247,43.73474,5.21444,9.93535
UAL.OQ,-7.03,0.30248,125.21785,2.51636,12325179228.7,1.37,94613404.25304,0.00505,48.10167,2.22071,0.95816,55.42453,5.46833,2.6774
ESS.N,3.77,8.7784,30.7521,2.40601,13722627839.04,11.14,22893221.70478,-0.10237,27.95455,0.27036,1.15915,55.37507,0.85861,1.11211
KHC.OQ,3.74,1.93185,29.0302,1.03745,49866906976.44,1.82,99995155.85609,-0.00964,24.03977,0.26752,0.68243,66.74208,1.07192,2.23665
JBHT.OQ,11.949,1.23132,6.47406,5.15042,18052785074.28,6.26,55078419.13348,0.01632,32.13771,1.22805,0.94405,49.35676,2.48181,4.07015
CMI.N,9.199,1.30622,20.01584,4.07672,34162890000.0,-16.84,53333400.92043,-0.0512,27.0529,1.10336,0.77093,30.52492,2.50369,4.09184
PNR.N,12.75,1.80137,25.16437,2.80358,7399135962.92,5.04,28830599.61261,-0.02563,34.29563,1.04259,1.20641,72.65038,4.17872,6.0213
CRL.N,8.48,2.93194,21.18138,4.2203,11086459142.4,-6.79,28684164.64783,-0.08858,43.79683,1.53385,1.80583,38.07087,1.98591,1.52852
DPZ.N,31.66,2.73217,30.05947,-2.84068,12262344885.6,-20.07,50167108.93391,-0.07611,33.15555,0.7013,0.76234,27.64532,4.35311,3.23311
HPQ.N,11.109,0.41901,32.14897,-9.02419,26390257538.52,0.0,52229421.59783,-0.01164,35.81048,1.20657,1.36552,43.92324,3.06901,3.93133
LW.N,7.28,3.03193,18.1401,25.20138,12856275922.4,11.42,36315547.96696,0.1051,22.89061,0.80607,0.53936,77.84731,2.16733,2.1053
TGT.N,12.72,0.63102,19.55417,6.22586,68604615515.52,-2.28,95732175.20826,-0.03787,45.53015,1.53508,1.50193,37.61964,2.22986,2.16493
NTAP.OQ,12.47,1.97699,19.4044,10.84278,12947335821.42,0.57,61070425.60826,-0.04384,30.64483,1.14627,1.11319,49.15612,2.39473,2.68291
OXY.N,3.17,1.56968,22.91931,1.99164,57252502245.51,-4.23,120041417.1613,0.1409,44.30429,0.92039,1.3102,32.9188,5.78966,4.29293
IR.N,5.65,3.70441,12.22703,2.41771,21157370071.75,0.92,40186087.76174,0.07912,32.59657,1.2374,0.83595,64.00778,1.72704,2.96734
TER.OQ,28.16,4.11253,0.50249,6.03674,13605299353.1,-16.67,65671437.98391,-0.03002,42.32998,2.0707,1.23536,31.08338,2.39888,2.58669
WAB.N,7.519,2.23313,18.7294,1.83741,18152231505.84,-1.23,30235142.79304,0.08805,27.88581,1.1951,0.92333,37.17855,1.25088,3.11155
NOW.N,11.85,11.33553,1.95499,17.37171,78430540000.0,15.57,140106435.35174,0.0324,48.63566,1.75992,1.19085,41.4914,1.69564,2.79498
EXC.OQ,2.109,2.28083,47.62833,1.74805,42959467956.9,0.3,102458427.00435,0.10019,25.37749,0.58469,1.21805,33.46304,1.29166,1.66409
BR.N,9.4,2.72112,20.71647,8.29285,15781108473.99,9.46,27741825.97739,-0.0057,28.07185,0.96326,0.90022,67.9898,1.39425,2.75688
EMN.N,7.679,0.89643,35.03005,1.81424,9772015244.16,-4.14,23887446.42739,-0.12767,35.23792,1.15253,1.39217,39.37198,1.24256,1.76219
AZO.N,16.309,2.79324,12.09128,-12.07861,46279522506.78,322.87,75198170.34565,0.1801,25.88232,1.1803,1.32388,60.89163,1.75178,2.33717
TEL.N,11.27,2.23684,10.61289,3.38046,36418068632.4,-8.68,49653030.88087,-0.02105,30.09611,1.09342,1.1054,32.12649,1.15829,2.45333
FRT.N,3.33,7.82604,33.96474,2.82835,8205405758.16,-4.03,17490631.12174,-0.06155,28.26449,0.58827,1.06239,34.46635,2.47657,4.21197
DUK.N,2.43,2.89174,46.87356,1.57518,79308764888.28,1.29,80184767.9987,-0.01451,21.86957,0.56718,0.87647,44.09128,1.11956,2.87205
KMI.N,4.22,2.13374,43.31694,1.32251,40639176643.68,-0.5,47031663.7687,-0.00941,25.58451,0.39091,1.13239,31.36364,1.49195,2.44209
DVN.N,15.349,2.10046,14.66515,3.69976,40209087000.0,-2.33,79264380.5987,0.11827,51.88097,0.39698,1.57823,27.50809,1.66719,1.14555
RCL.N,-14.929,1.74733,67.8637,3.93507,12613647001.45,10.39,55892642.99087,0.02689,65.30358,1.96836,1.34873,73.7472,8.20343,6.2868
VTRS.OQ,7.679,0.80685,60.99601,0.70361,13497179575.74,-0.28,27471478.91739,-0.07869,33.06215,1.38525,0.78667,48.86878,1.66249,2.46948
CAH.N,3.209,0.10776,24.02144,-11.30822,20150244654.11,9.42,56422587.60174,0.12441,24.69202,0.98048,0.82129,71.25141,2.09199,1.94078
AAL.OQ,-8.4,0.18285,108.72938,-1.04729,8266739282.64,-0.45,89902124.1,-0.04254,50.07452,1.88917,1.05591,59.83146,13.81898,3.74224
MKC.N,6.589,3.48044,19.67942,4.84424,22210424109.72,9.27,36751708.0887,0.01329,26.26025,0.5374,0.88681,77.86344,2.77135,5.98671
IEX.N,10.32,5.58033,6.71757,6.15285,17220901817.97,-18.49,27711666.00522,-0.02212,24.58611,1.16672,0.54984,31.17783,1.35678,2.89302
VLO.N,2.1,0.28678,19.84997,2.23199,48907483047.08,-26.5,120490164.89435,0.07785,44.90166,0.77192,1.09797,30.58968,2.81554,2.74617
LH.N,13.74,1.36732,20.95436,2.09063,20863528000.0,-3.93,35808744.29304,-0.04909,27.36902,1.15436,1.14184,33.62165,1.46864,1.85236
DRI.N,9.169,1.72316,10.83686,8.20959,16835493595.68,-5.33,47469317.68043,0.03464,27.66358,0.97358,0.57333,48.13472,2.26057,2.47855
MAA.N,7.519,9.27075,19.827,3.02679,18128737055.82,4.91,26612680.10043,0.0034,26.47329,0.70994,0.98148,57.8032,2.19721,4.43827
JNJ.N,14.679,4.80887,6.96547,6.19676,461848529176.55,7.35,358758228.9513,-0.02078,16.41007,0.47826,0.32948,39.03177,0.38173,1.61092
ABC.N,4.089,0.14061,15.77807,-161.51539,33546567045.36,11.65,55391984.22783,0.13872,22.71538,0.65362,0.99426,60.40609,1.75393,2.48963
SHW.N,10.6,2.83677,14.64753,23.67088,61502506919.28,10.41,90872920.04913,-0.04986,34.69164,0.94905,1.24323,37.04965,0.74199,1.52908
GD.N,6.429,1.75346,14.90144,3.85918,68118342713.71,-16.53,84902077.68478,0.04167,22.3453,0.57624,0.86149,28.076,0.76963,2.49361
SBAC.OQ,2.509,11.90318,29.12078,-5.64107,30263819956.78,-20.49,67887922.89696,-0.03803,33.11093,0.89304,0.89949,33.7905,1.13153,1.90922
MPWR.OQ,25.53,9.93581,0.0,10.84387,16599160620.0,-98.6,90400721.52957,0.07906,56.7042,1.37542,1.56965,28.50146,6.49815,5.45956
COP.N,10.439,1.95902,11.04409,2.99591,147036385788.0,0.18,181578294.06565,0.12649,41.9899,0.71522,1.25323,39.41825,0.76742,1.61309
ORCL.N,11.37,4.78353,29.86525,-51.88161,220391720220.0,7.34,172721111.60739,0.09011,27.58294,0.96349,1.01129,64.15981,0.49579,1.76607
AMP.N,1.589,2.29531,57.17072,10.19994,33135123252.63,-7.3,53016143.20261,0.06753,33.64958,1.65242,1.32273,37.55086,0.7384,1.4861
NXPI.OQ,14.57,3.16665,22.95146,5.79078,40951082241.86,-17.07,144889461.06696,-0.01265,40.58527,1.38581,1.05869,43.1221,1.96038,2.71144
CPRT.OQ,21.809,8.09169,0.00717,5.97498,29001907669.79,8.33,69002911.28609,0.13088,28.23959,1.07392,1.12006,68.56492,1.11911,2.60912
TXT.N,4.79,1.1773,21.64639,2.18899,14781020217.6,-7.01,34995085.88174,-0.01162,29.73164,1.15025,0.68804,26.33166,1.73279,2.6128
T.N,4.54,1.08893,47.09477,1.07179,131208070000.0,-2.05,151581886.39,-0.08741,26.62848,1.12049,0.45703,38.09524,1.14019,2.20347
MTCH.OQ,15.57,3.61149,25.73697,-16.56874,11588410337.94,-6.75,57563554.27217,-0.20926,56.98411,2.07058,0.89701,35.04132,3.88044,2.46106
NDAQ.OQ,6.679,4.93209,15.30877,5.12974,30139998920.1,1.11,52460989.19957,0.01962,26.53918,1.1611,0.76985,40.95477,1.38229,3.39703
FFIV.OQ,12.119,3.21365,4.30292,3.47938,8663499221.1,-5.6,37809179.81,-0.07358,31.23388,1.06559,1.35088,60.79272,2.8058,3.87634
LEN.N,12.96,0.82526,18.54854,1.14681,25778381363.56,10.68,58687074.25826,0.05815,36.83602,1.4053,1.16632,53.82476,3.792,4.64246
CDNS.OQ,22.03,12.82902,1.81989,16.2718,44066122240.0,-5.85,126362825.02609,0.16516,34.73437,1.36572,0.96436,28.33578,0.95834,2.03122
NVDA.OQ,30.859,12.58505,3.06455,16.89416,359504400000.0,9.57,1886633628.88696,0.16426,57.51571,1.72294,1.43634,58.27173,1.55697,0.89841
WELL.N,1.0,5.48078,32.27386,1.61578,30973780785.3,8.35,49072546.31783,0.04022,29.09878,1.12364,1.10114,63.49422,2.37885,3.58219
PLD.N,5.12,18.92205,14.40326,2.36495,104058647985.21,3.25,120310314.00348,0.05196,33.55205,1.21014,1.13045,54.01786,1.00965,2.69089
ROST.OQ,13.07,2.16034,6.37449,9.6508,39971143014.63,1.38,69302686.54913,-0.02652,41.95742,1.56472,1.18077,44.20732,1.3692,1.69242
MRK.N,15.49,4.76994,10.12118,6.3224,281302183315.3,11.22,227079136.53435,0.1196,20.15466,0.32122,0.51927,54.79233,0.67881,1.88545
WEC.N,3.419,3.20046,35.42011,2.59752,29575141626.56,-0.56,38463643.36391,-0.00141,23.58961,0.65658,0.77034,33.78151,1.51689,3.30918
MSCI.N,17.109,16.73729,11.05044,-34.59278,37194140078.22,-79.09,65258823.81913,0.03311,38.31307,1.74382,0.85048,25.84407,0.79975,1.54466
TMO.N,26.48,4.89003,12.03094,4.95943,215978171284.33,-38.32,210236718.05913,0.06227,29.38972,0.97329,0.76142,26.98619,0.71918,2.12879
F.N,2.45,0.29331,95.14426,1.08738,44505341888.1724,-0.62,105022372.58435,0.04165,44.28566,1.49587,1.95223,40.23904,2.85761,2.40235
LYB.N,16.9,0.5094,30.58329,2.21774,27036596671.99,-3.64,50485216.43174,-0.03124,32.69921,0.85943,1.0075,35.81081,1.9079,3.61137
IBM.N,7.519,2.10431,30.14813,6.34501,127378649000.0,-6.38,169954525.33739,-0.02636,22.03116,0.99038,0.53058,40.53254,3.27605,7.16685
IQV.N,7.15,2.65998,25.24788,7.11961,38056273312.47,-6.77,55593114.02478,-0.04169,34.48846,1.54832,1.3007,34.85375,0.8276,1.69432
VRTX.OQ,26.87,8.51984,0.68257,5.68814,74127357508.56,35.25,142265526.44913,0.14315,31.12017,0.83452,0.40071,65.29498,0.97469,1.78751
DXCM.OQ,5.83,15.66165,4.67588,23.97001,43739870075.0,7.3,97517341.9213,0.0933,49.86933,0.6326,1.29798,44.22138,3.01559,4.62371
PEP.OQ,9.38,2.97567,13.93852,13.128,248896945697.94,15.29,297589071.36217,0.12189,17.91648,0.59642,0.59882,85.54217,0.70652,2.13612
AOS.N,14.679,2.29326,3.33311,5.16308,8744871165.48,-0.66,31682737.48696,-0.0011,32.8136,0.97909,0.98694,41.49798,3.80757,5.65338
BLK.N,3.669,5.70932,6.14935,2.86911,106433091729.51,-15.94,113258119.72348,-0.06808,33.93606,1.93191,1.03802,38.60378,2.05741,4.11482
HII.N,5.79,0.87325,24.84298,3.01973,9204947684.48,-11.7,19095147.67522,-0.01641,24.39271,0.50078,0.66543,30.84061,2.57197,2.67166
CVS.N,4.82,0.38845,33.68483,1.73372,122448576529.28,-6.12,123999501.87696,-0.05273,25.11299,0.66745,0.81644,30.52885,1.02318,2.6212
PH.N,10.55,2.28796,27.4778,4.26431,37366067721.0,-12.58,74076619.59174,0.02343,31.09853,1.43527,1.05307,50.80406,1.03357,1.8252
NSC.N,7.86,4.61567,21.24865,4.38035,57049732367.46,3.07,84908894.93522,-0.08257,26.73136,0.99499,0.85625,50.0,1.04016,2.19481
MSFT.OQ,19.879,8.80331,3.62741,10.3035,1787731749394.08,24.92,2431151410.5487,0.10443,33.63703,1.08761,0.90209,72.81879,0.51233,1.41935
HWM.N,4.08,2.99989,20.77461,4.98495,16304391378.17,2.02,33468641.72913,0.10633,30.44929,1.2891,1.30176,54.44015,1.30397,2.23971
BAX.N,6.86,1.74322,40.5028,4.64157,25695035086.23,2.16,71346203.26826,-0.15766,35.16253,0.53194,0.97632,36.08737,1.47078,1.56827
HUM.N,6.73,0.70879,17.42293,3.98938,64843416876.42,38.99,98966083.96043,0.05148,25.67393,0.40888,0.43445,72.80171,1.92141,2.70711
AXON.OQ,10.88,11.02183,0.0,9.5883,11808467189.22,-16.2,136809104.94717,0.11343,49.74884,1.49113,0.41573,36.08254,2.77208,3.88712
ZBH.N,6.48,3.88221,17.89551,2.18458,26756179980.0,9.99,51439902.44826,-0.04618,25.32926,0.99133,0.96179,46.14103,1.43553,2.51889
TDY.N,7.519,3.46083,17.66126,2.45479,18744218801.63,-27.43,26205280.76,0.00113,27.71178,0.91351,0.92626,36.37684,1.49407,3.77548
GILD.OQ,13.48,3.96804,19.82693,5.10677,107676834093.25,-3.28,166012451.43913,0.04949,24.87393,0.68705,0.75419,16.12391,1.29288,2.17464
EPAM.N,17.109,4.00979,0.20755,6.83517,18849470557.12,-63.99,37745425.83783,-0.01993,51.50507,2.48619,1.38248,16.20585,1.73318,3.04957
CMA.N,1.3,3.85646,32.2204,1.72658,8754169210.15,-12.09,48174425.47087,-0.14225,57.19379,1.3696,1.09528,30.17466,2.07705,2.03907
NOC.N,9.47,2.38514,13.52356,6.02991,83976011435.16,-22.22,90985382.52043,0.05162,27.64517,0.52339,0.8147,28.83654,1.26339,3.07746
PNW.N,2.94,2.09123,47.35673,1.37688,8603181036.12,1.72,16549590.68043,-0.0094,24.10792,0.7695,1.18976,49.30643,1.60102,2.02204
BFb.N,13.0,7.61262,7.34597,10.35205,31484117578.0,0.73,37298853.59087,-0.0568,23.18366,0.78872,0.65705,57.2327,0.73784,2.2187
DE.N,8.189,2.4384,29.71957,6.32225,127409058473.04,-29.72,158363083.48739,0.01654,34.24268,1.28514,0.80796,37.82051,0.90203,1.73084
HSY.N,15.279,4.7053,9.38856,15.40268,47490972124.32,21.29,76930991.41826,0.16684,20.39747,0.34025,0.44131,78.57744,1.60099,2.86424
GL.N,2.41,2.262,15.05029,2.68078,11725926105.95,-2.48,20428269.47913,0.01198,24.08271,0.7109,0.71381,49.2123,1.03047,1.63453
SLB.N,4.36,2.86743,15.54968,4.4076,75806280000.0,-4.67,127291591.73652,0.0769,47.4594,1.18185,1.18284,27.20534,1.48189,1.95889
AWK.N,2.85,7.27025,29.99554,3.57233,27714204555.08,3.88,42636299.3,0.00848,26.00454,0.91007,1.14116,43.29738,1.90762,4.78386
PKG.N,11.71,1.3855,18.28588,2.98581,11836085336.8,-5.16,26890099.68087,-0.03645,30.02782,0.6065,1.02012,29.80925,1.83493,2.88537
FLT.N,9.039,4.04894,37.12609,6.08078,13546833852.16,21.48,34144676.35609,-0.02731,35.31762,1.16812,1.26218,61.04401,1.12567,1.75218
ADI.OQ,9.75,6.95357,7.38973,2.29094,83539813202.23,-13.64,186019894.47261,0.08243,31.99025,1.10328,1.13378,38.77766,1.22701,1.93209
MMC.N,9.39,3.93951,12.23866,8.59041,82079653052.88,16.34,101574212.35044,0.17076,23.41982,1.02742,0.98542,55.33662,0.65193,1.97999
IT.N,10.789,5.03335,8.64024,-409.8776,26563255093.2,-9.07,45819008.66739,0.11179,31.49298,0.76054,0.5671,58.77746,1.44524,2.90684
ECL.N,6.89,2.98674,17.08386,5.86972,41459572413.6,10.91,54947915.29174,-0.06498,31.99772,1.40109,1.4309,68.34012,0.78533,1.69421
BXP.N,2.2,3.47348,53.06337,1.72095,10593483436.96,-4.88,26385215.9813,-0.21271,34.97977,0.85941,1.31027,36.31539,2.79287,2.38575
GE.N,1.03,1.00948,29.13801,2.26986,71443766514.1085,4.75,160631055.92609,0.06937,31.05849,1.1581,1.13877,45.73594,1.07669,2.22493
ED.N,2.43,2.24656,42.52807,1.63076,33821978042.88,4.8,61670614.61,0.08321,21.52729,0.48391,0.77831,48.02469,2.00643,4.25098
ALLE.N,15.339,2.96402,19.89593,11.68523,9246545963.72,3.68,28877808.01696,-0.06515,31.35229,1.14665,0.87358,65.14658,1.82976,3.0573
OTIS.N,11.28,2.36141,17.11937,-6.64033,32622855689.87,1.27,51749311.21087,0.04241,24.28215,0.95555,0.8182,56.82508,1.31265,2.7181
WFC.N,1.01,3.39436,57.4019,0.88946,157335169178.42,0.11,283164855.06304,-0.03494,32.35475,1.38716,1.46889,29.2887,0.69472,1.50448
CTVA.N,3.75,2.45472,6.23167,1.69456,41997839760.0,-2.93,46289215.36826,0.07927,28.36254,0.69295,0.58305,31.58326,0.82293,2.1949
FTV.N,6.129,4.00772,13.90702,2.42063,22732180255.25,-2.83,42252283.27913,-0.01797,26.93723,1.25004,0.96776,35.60976,1.43672,3.54343
AEE.N,2.919,3.08313,39.06647,2.25329,22987791267.48,1.27,37462914.44739,0.0247,22.83849,0.69265,0.9689,36.86515,1.79418,4.00516
PRU.N,0.61,0.57968,54.87111,2.22467,36601280000.0,-2.81,61003020.67043,-0.08236,29.49468,1.47299,1.05848,33.31728,2.2008,5.26688
DLTR.OQ,6.259,1.12974,10.89216,3.78071,31284332709.76,17.91,106909305.57587,0.0938,39.30022,1.56388,1.07813,66.02681,2.82483,2.64786
CF.N,7.519,1.50345,14.72097,3.79116,16715342247.6,-5.35,46504588.19174,0.05806,44.25268,-0.01789,0.24636,25.38133,2.16575,1.7554
NEE.N,3.74,8.37417,27.40309,4.30022,168134481307.2,1.37,149579991.92565,0.03448,28.04745,1.08592,0.9186,46.20253,0.92093,3.16829
FMC.N,8.62,2.8103,18.79885,4.93085,15720547190.4,-11.51,29930695.55174,-0.00204,28.08195,1.06224,0.49124,22.25693,1.57647,2.84642
ILMN.OQ,7.82,6.76869,5.35592,4.7163,31806060000.0,-16.66,91394146.55043,-0.08563,55.89642,1.28429,1.30066,33.8895,2.45039,3.52142
KLAC.OQ,28.03,5.42322,11.1157,25.41868,53432060828.81,-9.06,156498978.42087,0.08693,42.94163,1.97405,1.44686,58.04857,2.78457,3.02874
AME.N,10.15,5.32251,6.90613,4.49864,32087312348.84,2.59,46248163.73565,0.05409,24.18334,0.95474,0.8944,65.98837,0.79983,2.20509
NUE.N,29.859,0.78361,17.56048,1.90954,33815026415.1,-12.28,65396784.31304,0.08701,44.40136,0.88881,1.54568,24.71483,2.66442,3.74989
D.N,3.259,3.16563,45.49044,1.78769,51096435570.6,-0.5,63381676.24087,-0.10174,24.63511,0.27963,0.92613,33.09144,0.76743,1.11907
SJM.N,5.95,2.06855,21.49161,2.05615,16898017683.06,0.61,45697210.78391,0.04751,21.38268,0.153,0.39747,69.42446,3.3221,4.46323
EMR.N,10.369,3.10233,14.54329,5.48146,56809884000.0,-3.07,95929893.83174,-0.04541,27.01953,1.00656,0.73777,37.63094,1.39617,2.49866
DVA.N,5.879,0.57814,53.71218,12.63079,6727767000.0,14.34,19751490.23174,-0.04132,47.95281,-0.31933,1.14171,59.40027,2.86459,3.98027
CMS.N,2.629,2.20113,41.95691,2.65944,18381633954.66,0.53,42834631.48609,-0.00293,23.61118,0.67578,0.90585,45.57377,1.89197,2.81421
HPE.N,4.639,0.71792,43.27404,1.02924,20457796941.96,-1.89,37063351.69304,-0.02227,32.04226,1.366,1.02164,37.79904,1.95013,1.81756
RHI.N,21.73,1.10018,0.0,5.37281,8010446912.88,-10.87,22995402.58783,-0.06505,33.66234,0.6038,0.90503,31.47436,8.11306,11.82489
BDX.N,6.11,3.81889,18.44104,2.85015,72062464159.9,7.34,85941884.50957,0.03094,22.00439,0.44361,1.05181,34.784,0.88556,1.92744
AAP.N,6.45,0.78643,13.87655,3.23154,8712073863.48,4.25,33830828.15957,-0.09235,36.03968,1.12266,1.61579,40.95672,5.09372,2.69324
MGM.N,-0.84,1.02256,50.091,2.69227,12876200524.88,-1.36,52250494.89435,0.04583,44.55689,1.01696,0.9046,37.78559,2.82176,2.6666
ALGN.OQ,16.589,4.26319,0.0,4.45881,16473894825.9,-18.14,92925082.53565,-0.07166,59.28549,1.38073,1.69406,20.27432,2.23821,1.90171
SRE.N,3.799,3.27604,34.24795,1.79392,48577077918.02,3.73,59689390.32348,0.0447,23.82551,0.74249,0.97189,36.14824,0.88324,2.49919
REGN.OQ,38.789,5.73089,3.63779,3.6615,78571657083.15,-67.15,161522969.78261,0.10372,33.39508,0.42795,0.31619,31.38557,1.37881,2.51613
EFX.N,9.15,4.59654,19.96971,6.32872,23798104860.44,4.26,47353636.23652,-0.02486,36.05566,1.27906,1.35731,54.29954,3.73204,5.77634
USB.N,1.43,4.35429,63.90935,1.36375,66733851701.16,-6.32,163534293.37565,-0.16786,35.89027,0.97044,1.33867,36.40416,0.69698,1.14163
CSGP.OQ,6.32,14.85415,3.57731,4.68524,31429007836.8,7.22,59735508.21348,0.00474,34.79817,1.98271,0.81775,64.4106,1.45018,2.07689
HCA.N,11.71,1.13446,35.19572,-20.21528,67840699332.0,16.43,106991614.07652,0.08983,32.84242,0.89244,1.70519,36.60299,0.97434,2.6079
AVGO.OQ,22.21,7.0371,15.37467,10.29179,233652677458.2,-2.6,464635286.69565,0.1533,33.10853,0.96724,1.26255,48.51094,1.31198,2.31317
DHR.N,9.4,6.18291,9.20958,4.11193,193215860364.84,-22.46,205692941.0287,-0.0166,32.23744,1.11406,0.9035,26.09311,0.57521,1.95491
NWSA.OQ,4.19,1.01114,23.21835,1.33797,10522812219.56,1.19,17004796.00609,-0.08949,36.54508,0.89089,0.79663,59.19192,1.44565,2.41211
RTX.N,3.98,2.24701,18.78987,2.11376,148358533413.0,-1.38,120825599.88565,0.04923,24.54958,0.61415,0.78673,29.14249,0.62689,2.4139
AAPL.OQ,28.359,5.24168,5.6556,40.88114,2066941771740.0,10.21,2537416139.07652,0.14853,33.33578,1.09349,1.07996,65.00829,0.77963,1.61809
CME.OQ,1.49,12.19854,5.68802,2.1362,60491352468.64,-3.98,91524052.19304,-0.03599,21.80718,0.74149,0.5524,44.56157,1.13992,1.93026
MRO.N,7.099,2.11481,19.94197,1.55591,17191286428.8,-1.32,48492723.50739,0.12782,50.76951,0.78806,1.43908,30.30303,3.20261,1.93289
ADM.N,8.47,0.51674,14.82143,2.12421,51005682976.95,-4.09,66004480.08739,0.04225,29.86454,0.532,0.86197,31.61465,1.27171,2.78454
APD.N,8.57,5.38878,10.425,5.20268,68429930559.82,-1.72,71922642.66174,-0.0132,27.43018,1.08004,0.30533,36.09091,1.05229,2.23223
FANG.OQ,9.919,2.58256,17.32091,1.73538,24882934848.1,-5.3,90263041.46,0.11489,45.39425,1.18284,1.3349,31.09592,3.81893,2.31498
WRB.N,3.14,1.78303,13.53481,3.01873,19133574985.522,-3.08,45556997.33217,0.04612,26.13105,0.35256,0.53918,58.90411,1.04162,2.46253
AXP.N,4.169,2.13621,64.36662,4.61024,110403630834.0,-14.48,122316644.79,0.00746,32.98093,1.3349,0.97181,30.8414,0.7522,2.28151
CLX.N,8.15,2.45911,14.09415,53.09983,17314588563.01,14.69,64728437.37696,0.00137,27.89996,1.08189,1.2753,57.62183,5.07837,6.10258
DOV.N,11.34,2.32564,15.95324,4.76154,19438012337.92,-9.39,34407075.65391,-0.01786,27.52904,0.85676,0.70317,31.19266,1.46487,2.60674
FSLR.OQ,6.45,6.32603,1.81568,2.7398,15968454321.9,18.37,181638239.04044,0.18527,56.48262,1.49085,0.57424,60.41687,3.72353,1.29355
MTB.N,1.189,4.87769,15.005,0.99296,25039291535.58,-8.16,48641266.64652,-0.06413,34.65205,0.81098,1.37913,31.56559,2.26268,2.9547
FDX.N,6.519,0.46461,34.13513,1.86896,43715184648.0,-1.47,85177066.15783,-0.05712,42.04013,1.18578,0.87235,36.35019,2.07314,2.14457
TROW.OQ,25.85,3.51883,0.0,2.74159,24371072396.72,-5.06,55907507.95565,-0.12428,40.65848,1.95354,1.07101,32.31677,8.75749,11.28849
JKHY.OQ,15.15,6.45504,1.88202,8.76038,12807002457.48,7.83,52681704.60609,0.00696,29.01517,0.42207,0.91239,46.55788,2.98557,4.50009
O.N,1.129,12.68291,29.21221,1.48781,39780369403.23,-0.58,58773625.13826,-0.00317,21.61874,0.58285,0.60002,49.61735,2.12486,3.14871
MLM.N,6.16,3.39527,19.46172,3.02607,20984791851.18,52.07,33707372.27957,0.03975,31.82985,1.06866,0.83507,79.18814,2.24757,4.10415
PKI.N,11.509,4.92203,20.27263,2.50503,17712018302.4,-14.7,29657800.34435,-0.03754,35.44251,1.40723,1.00452,20.50223,2.51005,4.4996
L.N,7.519,0.98269,40.28341,1.00327,13849119943.16,1.21,17360658.14478,0.00597,23.68578,0.90836,1.07061,60.8545,0.70716,1.90719
QCOM.OQ,31.59,2.78332,11.71788,6.84188,123022860000.0,-23.78,302851667.75739,-0.02525,40.20136,0.7171,1.34617,23.62658,1.13784,1.73276
IPG.N,5.459,1.19016,20.84619,3.88026,12941758356.58,0.31,70332200.43652,0.06127,29.2716,1.18411,1.31534,46.32353,2.72217,3.60752
PHM.N,14.96,0.67284,21.04035,1.27283,10372632033.72,11.65,61089739.6713,0.06403,37.96806,1.38062,1.27556,77.49699,3.29693,3.85387
ANSS.OQ,10.589,10.38202,3.55991,4.63053,21045444853.65,-28.55,55021692.50696,-0.00234,37.29332,1.58184,0.75035,19.06265,0.90454,1.72753
ULTA.OQ,20.01,2.45764,0.0,12.45213,23866643252.97,-22.49,109236394.65522,0.13334,31.29871,1.17716,0.46281,29.92814,2.58517,1.86028
KO.N,11.099,6.49652,13.06156,12.06094,275083166647.61,2.26,195812918.64956,0.07092,18.12312,0.8078,0.71632,52.27273,0.72769,2.59952
FISV.OQ,4.969,3.6965,25.75106,2.11965,64182287641.32,6.45,126719064.19,0.02967,29.09813,1.12529,1.17276,55.87111,0.88677,1.91653
CSCO.OQ,14.72,3.74285,4.80401,4.85367,195710928511.622,-4.72,306998998.61,-0.0307,28.16771,0.76707,1.06976,43.17269,0.7739,1.70765
WTW.OQ,4.07,2.99127,15.89068,2.70099,26472757344.18,0.3,53542705.25304,-0.04086,23.80059,1.05202,0.47173,35.6168,2.5225,4.98651
ANET.N,17.469,9.43491,0.0,8.45437,37081236951.6,-23.86,100329056.29435,0.13207,42.56253,0.99251,0.69521,31.36562,1.10107,1.91404
ES.N,4.44,2.47052,43.57596,1.88676,29202093757.44,-1.03,47180971.0087,-0.02401,24.18808,0.41226,0.91066,36.86047,1.1189,2.52177
CTAS.OQ,15.08,5.65424,6.12472,14.19798,45934818918.3,6.72,70175746.45783,0.16341,25.77364,1.42394,1.00205,61.06613,1.27228,3.57333
GPN.N,5.36,3.01197,35.64525,1.18474,26856241820.72,-0.59,55195314.7513,-0.12784,40.05863,1.48579,1.26532,42.71694,1.26021,1.50862
RSG.N,5.5,3.1517,22.24199,4.29518,40760960734.64,13.34,54727094.84087,0.12356,21.34502,0.55853,0.80589,84.14726,0.55838,1.66888
MCK.N,5.69,0.19582,9.93767,-30.14547,53267040000.0,32.19,107756331.10783,0.22327,23.56055,0.60499,1.09708,67.80952,2.72034,3.72255
HLT.N,3.629,4.18553,20.97647,-37.58158,34174822308.12,4.12,65261665.98826,0.06218,32.18458,1.26769,0.99455,34.60332,1.55715,2.72004
NFLX.OQ,12.199,4.16956,9.99131,6.39257,131227643270.72,1.46,573263876.57304,-0.01632,51.0995,1.75517,1.88306,58.8938,2.0824,1.06706
RF.N,1.55,4.374,10.34546,1.32778,20146647265.36,-2.59,53185571.15826,-0.06963,34.64826,1.06846,1.14162,27.38516,2.05631,2.88528
WMT.N,7.29,0.63718,11.9169,5.30047,382379279656.66,7.4,218919470.54174,0.04171,25.52806,0.75174,0.96031,51.93026,0.45458,1.99683
AMGN.OQ,15.789,5.32242,23.12547,38.35709,140139242663.84,-8.55,186474259.85304,-0.01835,20.28545,0.80902,0.72012,31.55869,1.67182,3.27713
KIM.N,5.44,7.64903,35.45506,1.34999,13099000358.22,-0.54,21347115.39913,-0.03581,30.622,0.90512,1.11183,40.74074,2.38101,3.92812
PXD.N,11.65,2.18944,9.04311,2.36596,54265174629.87,2.72,101928612.35391,0.07419,40.42941,0.69891,1.36774,24.82063,2.15123,2.3344
DG.N,9.189,1.51695,9.86469,9.03464,55055294253.75,10.82,87322822.03348,0.03112,29.31611,1.43814,0.52201,39.84456,1.56197,1.65342
XRAY.OQ,6.8,1.70771,23.58245,1.89383,6842794450.24,2.32,26253450.27957,-0.11027,35.13092,1.25688,1.35629,44.79554,5.39857,6.20499
EQR.N,6.419,8.31797,24.68504,2.00946,22297216280.0,4.27,40670583.1787,-0.05588,26.55742,0.56835,0.97536,59.50119,1.30731,2.22052
URI.N,8.419,2.21486,28.75162,3.87745,24633620317.02,-54.54,74928214.90652,0.02437,41.23372,1.59267,0.97471,20.22923,5.46489,6.07186
TDG.N,5.33,6.30631,38.95947,-9.07194,34236964371.4,60.72,59248744.69304,0.13291,31.9949,1.40021,1.31349,61.85897,2.44023,5.05784
CNC.N,4.129,0.32807,36.6609,1.84227,46438957422.93,3.04,65321696.60565,0.00767,30.68397,0.97382,1.33447,47.99016,1.12042,2.02877
NKE.N,15.49,3.84804,5.26912,11.5664,181431374640.83,0.11,178607931.13565,-0.00873,38.58218,1.12366,0.83044,33.97018,0.88536,1.63583
AES.N,4.2,1.55839,51.3028,5.63515,19210235615.28,-1.46,36368993.75435,-0.01865,34.15326,1.41927,0.81137,32.04904,1.97187,3.91494
ELV.N,6.97,0.79944,17.29333,3.40604,122511384738.54,-1.46,131739551.32565,0.05457,26.55671,0.71463,1.02432,45.7089,0.77674,1.83546
GWW.N,16.059,1.90104,7.60972,12.20255,28106902543.75,15.35,55237992.57,0.13682,30.03376,0.85298,0.71016,54.43279,2.51143,4.60439
K.N,7.91,1.63152,21.51415,7.00258,24312868769.8,4.15,49171229.83565,0.023,20.28447,0.32619,0.65141,72.56011,3.55174,6.26213
GOOGL.OQ,22.399,4.04788,1.44346,4.51228,1145003890000.0,16.62,1106903966.20217,0.03313,38.33002,0.77341,1.36869,75.21853,0.62829,1.57551
GM.N,4.33,0.32465,81.77928,0.77311,47792239914.68,-3.59,113295853.2313,-0.09362,42.04354,1.73883,1.51641,38.79004,1.50173,1.67164
CCI.N,2.819,8.54256,26.83777,7.64841,58738630855.64,-15.84,74781417.23217,-0.11802,30.61085,0.91757,0.90931,31.13801,0.86516,1.69128
COF.N,2.92,1.22735,56.26819,0.69815,35482699253.12,-7.84,78606209.04,-0.11145,41.69339,1.68183,1.18368,28.63248,1.65261,2.20494
ROP.N,6.32,8.81655,13.16392,3.30673,45824032012.86,24.71,70799651.03174,0.03899,24.17288,1.21005,0.7918,60.74234,0.80119,2.34696
C.N,0.94,1.4238,157.60773,0.4412,87603855038.72,-0.62,178707955.55348,-0.12093,33.54339,1.3265,1.24227,26.44737,1.47763,1.66932
ODFL.OQ,22.51,5.07422,0.32165,8.84912,31352474691.16,-25.54,93669292.39609,0.06037,40.4683,1.49308,0.7988,27.1148,4.6617,6.73701
A.N,14.75,6.47009,6.01653,8.32172,44307180786.0,-7.0,52417803.36826,0.00798,32.86214,1.18055,1.0512,27.41471,1.10546,2.42253
MOH.N,7.29,0.6189,17.33855,6.29818,19284848000.0,32.68,39515980.67087,0.04993,28.2733,0.56119,0.94484,60.12377,2.26246,2.54259
GS.N,1.61,1.8866,120.88111,0.97612,116319363125.44,-1.64,162457737.98174,-0.02648,27.83385,1.27995,0.82297,25.41214,1.32843,2.2123
MET.N,1.02,0.77444,33.8938,2.27229,56781951055.85,-6.83,99597691.4587,-0.06152,27.56341,1.21774,0.7849,18.37368,1.1349,2.5305
WYNN.OQ,-5.269,2.46302,64.84909,-12.25167,9344971849.77,-3.61,88531115.06391,0.0041,50.97956,1.30772,0.09164,34.00211,5.96036,2.68691
PSA.N,11.869,12.24811,11.32613,4.89944,49212119933.72,1.35,72382174.51087,0.05674,28.04274,0.74691,1.07983,58.63427,1.64446,3.35123
CPT.N,1.71,8.81398,23.61897,2.41233,11918356555.8,7.29,21215166.28696,-0.02812,26.27958,0.45639,1.16027,64.05316,1.49291,1.90215
MRNA.OQ,76.25,3.22611,1.85423,3.86355,69006495841.78,-18.14,151890731.01217,0.0283,59.29057,0.85969,1.02636,37.41458,3.65488,2.31899
OGN.N,15.99,1.12912,56.83987,-6.66453,7104397943.37,-2.22,11296620.33696,-0.07236,34.60635,0.70899,0.96766,27.87115,2.82434,3.76909
FAST.OQ,22.39,3.9758,2.02359,8.57356,27102997521.6,1.925,70632714.29957,0.02205,28.28883,0.96021,0.79815,48.74552,2.44745,4.38065
LDOS.N,7.339,1.01328,26.85439,3.52693,14378374500.83,-12.68,28188300.31565,-0.06278,27.23669,0.75463,0.76822,28.7372,1.37517,2.3845
ORLY.OQ,18.57,3.75731,7.65196,-43.9699,52815946161.33,120.6,129803176.0013,0.17325,23.69589,1.13683,1.35676,80.47566,1.51203,2.24398
CSX.OQ,8.71,4.47647,22.34115,5.05783,65132622424.42,2.32,122341132.25478,-0.00684,25.94281,0.81589,1.16233,55.33981,0.77144,1.23348
CFG.N,1.189,3.22618,34.67603,0.8434,19389369331.42,-5.97,87896188.62609,-0.14358,37.51676,1.14215,1.04306,34.47712,1.34877,1.92271
NI.N,2.47,2.00486,45.51207,1.54768,11910653657.64,0.65,27814077.65652,0.04402,25.05802,0.63604,1.17933,49.45946,1.70624,1.78859
MO.N,19.6,3.24565,24.86659,-19.37507,81920210368.78,1.17,94303705.32609,-0.01947,24.69537,0.13664,0.9137,39.87854,0.93064,2.20489
DD.N,4.02,2.59097,26.47994,1.36863,34094625501.24,-6.86,66410863.04174,-0.05929,30.65904,1.60866,1.03184,26.42559,4.14422,8.5039
AEP.OQ,2.819,2.59255,43.87087,2.00327,49668216226.1,1.23,90944278.29522,0.02483,23.77459,0.45781,0.89661,37.32809,1.5988,2.60798
HOLX.OQ,16.989,3.78202,15.05404,3.79147,18390823510.79,2.27,52509135.0487,0.08963,25.25098,0.35607,0.5993,41.5229,2.84927,5.23665
BBY.N,13.65,0.3703,6.44277,6.03518,17747621855.34,-3.59,42799664.11696,-0.09369,40.65119,1.56967,1.20576,42.81201,4.5481,2.79012
LHX.N,7.339,2.35498,15.20473,2.16976,39643765946.95,-7.97,55400913.27478,-0.02687,25.78156,0.59731,1.08645,24.20382,0.84931,1.51712
APA.OQ,11.22,1.37664,24.63117,25.17389,15008170870.68,-2.4,56280720.7987,0.09408,57.84776,0.64194,1.20153,26.9631,2.3906,1.24098
IFF.N,5.16,2.11691,29.07296,1.58281,26730242604.52,-7.36,51232207.83174,-0.10272,37.33162,1.17807,1.07364,21.97581,1.59025,2.43001
STT.N,0.85,9.93492,39.86576,1.11288,28463547202.79,-8.46,57927980.14391,-0.04093,38.01953,1.73223,1.28189,28.65065,0.71391,0.91746
JCI.N,4.99,1.73719,17.22678,2.7094,43949048896.0,2.59,67095970.88043,0.00096,31.88955,1.07979,0.88202,66.10169,1.10549,2.30443
FE.N,3.16,2.00798,46.77194,2.22567,23979328998.3,-0.12,50273142.07391,0.0233,23.63219,0.41894,0.95234,38.88,1.01953,2.08149
PNC.N,1.06,4.78877,30.04213,1.36668,63700208072.02,-15.45,128294813.23565,-0.14548,32.42721,1.32617,0.83328,30.47091,1.24556,2.47449
VZ.N,6.56,1.21984,47.31316,1.89181,165480649863.459,-1.07,160872235.38435,-0.12163,22.25355,0.29367,0.62711,54.51197,0.83906,1.45722
NEM.N,5.79,3.09496,15.33304,1.76397,37464468103.2,-2.9,97255789.45652,-0.06675,37.23404,0.33578,0.44143,40.45872,1.43439,1.69061
ROL.N,18.339,6.82978,0.69385,15.03901,17994942811.44,5.38,19592734.00696,0.05702,26.68507,1.03536,0.72112,70.01499,2.37719,6.68783
KEY.N,1.46,3.37185,60.00355,1.22286,16252330310.06,-3.39,65889496.46783,-0.17022,52.34878,1.49887,1.0498,30.82437,2.12633,1.98807
GIS.N,7.669,2.55271,19.31403,4.88957,49438858620.45,5.65,76445275.16913,0.10466,21.66112,0.21315,0.36184,73.99679,2.72474,4.21762
CMCSA.OQ,5.469,1.24733,39.98262,1.8829,151189602029.18,3.06,247225076.45565,-0.095,30.27503,0.41778,1.09442,65.82278,1.51795,2.72407
PFE.N,15.029,2.88561,12.71326,3.10431,287626236875.88,-3.03,228251571.18435,-0.00481,23.36724,0.76549,0.70919,22.17391,0.75758,2.20313
EIX.N,2.419,1.4693,50.16301,1.5784,24294866759.88,3.68,40328585.00478,0.08996,27.84688,0.54993,1.02913,50.05945,2.04781,4.31211
NWS.OQ,4.19,1.01114,23.21835,1.33797,10522812219.56,1.2,5229608.36609,-0.06277,36.92016,0.7554,0.78638,58.82353,1.08423,2.31576
MU.OQ,15.14,2.00829,18.93178,1.10591,54537004068.96,-2.17,267015737.13783,-0.02875,43.23269,1.14852,1.48641,54.45357,2.29486,1.61563
UPS.N,16.149,1.48757,12.77052,8.86002,150357372586.72,-22.59,165271770.34261,-0.06887,28.11878,1.17209,0.57297,23.45176,1.32929,3.55435
TYL.N,8.08,7.33004,7.53846,5.26816,13425119514.18,46.58,27053570.19217,0.02198,37.06072,1.14492,1.24959,63.31192,1.45876,2.15474
UNP.N,10.359,5.21151,20.89975,10.85851,127306801656.0,0.63,138639931.15826,-0.03469,26.5719,0.88203,0.63255,47.88316,0.93244,2.15465
BAC.N,1.05,4.42514,84.89914,0.98607,265702955755.68,-1.21,335646099.87044,-0.10794,30.73246,1.20159,1.08908,27.48735,0.7074,1.48106
KMX.N,4.81,0.28576,66.38881,1.77741,9621801144.22,10.06,30501710.04304,-0.07364,54.23662,1.6109,1.1917,56.50685,13.23543,7.13166
PARA.OQ,4.12,0.36499,65.68438,0.48373,11069187790.4,-6.69,79237561.28565,-0.09443,61.7243,1.44946,1.82623,19.31818,14.62854,7.7966
IP.N,4.41,0.58335,31.31281,1.2979,12316852411.67,-3.48,25751940.49087,-0.19055,31.15028,0.83575,0.99372,13.90625,2.88188,3.41247
MDT.N,8.15,3.35567,22.41515,1.99266,103381587890.16,9.7,146545212.48739,-0.11449,25.63506,0.25508,0.96807,44.17266,0.88507,1.43092
MMM.N,12.539,1.90682,20.01225,4.70774,66284930366.8,-2.51,97742568.96957,-0.2712,27.94924,0.93595,0.77899,33.60712,2.46146,4.96561
CZR.OQ,-2.74,0.84279,76.03209,2.32795,8925949968.0,-4.2,45070437.72609,-0.08898,65.02951,2.21547,1.43836,46.2677,5.34395,3.56662
INTU.OQ,15.56,8.21131,6.14854,6.81512,109341764727.0,-12.47,232231845.27261,0.0375,43.43866,1.59744,0.99015,42.56073,0.81759,1.36736
OKE.N,6.419,1.28933,31.95053,4.65197,29364867419.4,1.19,46031579.28261,0.06572,32.99308,0.80294,1.44642,35.17679,2.27588,4.18732
ADP.OQ,5.28,5.86942,2.96431,38.48274,99085760903.34,-6.75,142728116.33783,0.0535,25.77636,0.91125,0.79135,46.12326,1.29238,3.37629
EQIX.OQ,1.819,8.539,20.14357,5.43414,60615241468.45,37.22,100970460.80609,0.02448,33.1083,1.03165,0.77232,59.52727,1.55798,3.3509
CHD.N,9.779,3.7033,11.5411,5.31073,19658227451.67,10.02,43844639.60174,0.03671,23.4805,0.37822,1.01374,73.40824,1.2413,2.26028
MTD.N,25.98,8.26442,5.80629,-389.15018,32225135490.05,-116.19,44403850.61783,0.05307,35.21937,1.30289,1.05437,25.36882,1.24882,3.02492
KDP.OQ,4.54,3.70125,20.03951,2.01193,50503521607.62,-2.46,106720322.98478,-0.03345,19.94173,0.59887,0.63112,28.34138,0.95975,1.91348
EBAY.OQ,11.589,2.2736,28.87497,4.6486,22504072337.89,1.0,86952669.9713,-0.05634,36.54392,1.42179,0.96551,55.78831,2.99901,3.17351
PEG.N,14.97,3.1461,39.73762,2.29803,30570650814.88,1.94,41281136.79391,0.01663,24.37857,0.59935,1.04982,46.93878,0.87304,1.6415
BIIB.OQ,11.859,3.84793,15.22737,3.12132,39876868795.68,34.47,123909988.11174,0.03939,43.45435,0.30374,0.28274,64.18907,1.18661,1.43007
CTSH.OQ,12.509,1.51767,2.33,2.45824,29391166696.08,1.85,89684384.53957,-0.0337,34.65616,0.97992,1.20056,59.47368,1.66802,2.02856
ALB.N,4.389,4.54215,12.19902,3.77327,25405754906.84,-26.65,116592659.07696,0.06876,52.29547,1.80017,0.84525,59.95959,2.90553,2.41846
TRGP.N,2.81,0.76266,37.33796,6.97419,16638590944.5,-1.72,34976323.31739,0.14776,40.60126,0.20904,1.34221,26.42762,1.98316,3.05849
NCLH.N,-15.89,1.35304,77.7865,12.90164,5157888264.0,-0.03,27615905.45826,-0.06114,71.99069,2.23565,1.19465,51.90381,10.04441,3.53834
UDR.N,1.429,8.6008,29.30672,3.19929,12608233139.4,1.5,29081346.20957,-0.03355,27.70984,0.77699,1.14555,52.26337,0.87539,1.29332
DGX.N,13.22,1.73077,18.7719,2.86033,17816555181.04,-8.56,46180945.60261,0.00076,22.76077,1.05204,0.64007,10.52894,3.30933,3.55755
CBOE.Z,9.73,3.48414,12.57537,4.04097,13310130497.25,6.47,24902030.8113,0.07192,22.38559,0.18367,0.55544,46.01695,1.32282,2.04357
ETSY.OQ,15.83,6.08033,14.56846,-24.82799,15054946490.48,-14.1,104327708.4637,-0.02669,65.71611,1.83213,0.74123,37.77711,9.82328,4.64963
HIG.N,2.85,1.08841,15.21139,1.87025,24121441786.07,0.62,35987008.29913,0.02804,26.04203,0.86759,1.07574,48.27586,1.01323,2.12941
ACGL.OQ,3.25,2.66497,10.49302,1.96573,23220628635.06,9.04,55964898.43043,0.20863,28.17549,0.60896,0.99752,68.24605,2.23265,4.4196
NDSN.OQ,14.439,5.24751,5.31585,6.02533,13592516522.76,-2.5,20500404.3513,0.03722,29.01987,1.09251,0.92293,46.03922,1.69029,4.06367
VRSK.OQ,11.3,11.66545,11.09703,13.91155,27589962139.0,24.05,78986937.35435,0.08799,27.29825,1.00146,0.84225,72.44683,1.01101,1.75089
AMT.N,4.379,9.43837,27.2055,15.70289,98643203051.58,-0.89,101503280.07913,-0.04852,31.33227,1.05666,0.94545,45.35742,0.79363,2.08686
PYPL.OQ,7.459,3.00125,13.15881,4.03125,81192775073.04,-12.7,308290005.90196,-0.2016,47.51437,1.97785,0.33541,29.55873,1.79075,1.38245
CAG.N,5.11,1.5649,32.88971,2.18092,18445290788.7,-0.64,39387180.26304,0.00276,21.89008,0.55877,0.40286,38.19951,1.81314,2.45721
UHS.N,7.459,0.76061,31.90939,1.71826,10060436353.18,14.53,26309263.54522,-0.00456,34.96802,1.11341,1.6236,47.6287,3.21258,3.059
TFX.N,9.019,4.18942,13.11748,3.00614,11709253369.05,0.64,21371424.83087,-0.09413,34.20006,0.64957,1.07119,34.66977,2.54069,2.94244
SYF.N,4.36,0.89775,80.01546,1.1589,14804791324.08,-1.47,55313511.60478,-0.09668,43.35347,1.623,1.29927,27.51799,3.41784,3.28229
WAT.N,23.41,6.89918,7.2004,52.94198,20351847043.5,-33.67,40619110.36609,-0.02498,33.66366,1.15101,0.82903,17.42967,2.45077,4.79171
INCY.OQ,14.41,5.36487,0.22503,4.22736,17869229589.76,-5.76,59897469.70348,-0.04897,26.71252,0.90253,0.40678,20.76246,2.21793,4.09758
LRCX.OQ,28.149,3.16224,8.6962,7.73254,56909880900.0,-4.26,225951373.2313,0.00999,49.28367,2.40094,1.51911,56.41776,1.69706,1.86008
IDXX.OQ,31.48,10.11604,3.97317,71.13175,33786005777.72,-6.08,73638786.98087,0.00865,39.78536,1.27727,0.80543,42.96057,2.5479,5.18243
PPG.N,7.919,1.67369,19.20524,4.89764,29552344521.56,8.27,65138857.29174,-0.06851,33.77623,1.40993,1.07255,37.17001,0.9777,2.28587
LKQ.OQ,9.46,1.09945,14.80599,2.74155,14269815948.85,0.97,23759523.14348,0.06062,27.1274,1.1159,0.87302,45.15625,1.5021,3.19216
BG.N,8.31,0.22222,26.72986,1.50098,14945562262.51,-5.04,28823315.82957,0.013,35.69784,-0.00692,0.97013,32.07547,2.21412,2.89558
HES.N,3.439,4.11445,16.81548,5.7844,43724306648.12,0.32,61894126.05304,0.10444,45.13991,0.99926,1.47513,32.05768,1.72818,3.30318
EOG.N,13.58,3.02072,6.69911,3.16002,75381958995.5766,-3.12,101746549.25261,0.09379,43.8145,1.15498,1.37321,31.00607,1.34916,2.16369
MAR.OQ,4.18,2.44245,16.96858,45.57743,47129582979.57,11.43,119028831.54783,0.075,33.16046,1.23778,1.18317,49.64319,1.58458,2.69015
TJX.N,11.689,1.86681,3.65088,16.2478,91978130260.4,2.08,108479444.18609,0.0447,27.21544,1.0306,0.82396,52.53304,0.63486,1.34063
MNST.OQ,19.67,8.51217,0.00192,7.80517,52972628926.36,7.05,97993382.60522,0.09217,24.28998,0.89333,0.35705,82.58929,0.74827,2.03936
VMC.N,5.3,3.23708,15.52903,3.39456,23273321305.26,25.24,43876379.00913,0.02163,29.86378,0.91158,0.75344,80.89714,1.03877,2.37522
EW.N,17.84,8.59995,1.3253,7.43244,46128415830.39,7.61,73667211.65826,0.02346,37.02741,0.71557,1.43701,52.96804,2.48071,3.22511
ALL.N,14.31,0.70826,17.70389,2.04094,35962418234.4,9.17,67641599.73174,-0.02761,30.74259,1.05891,0.76939,57.19512,1.24379,2.29368
BMY.N,14.8,3.27308,21.35205,4.6776,152977236966.65,-0.14,146217070.07783,0.01878,19.78939,0.5105,0.54987,39.16084,0.85821,2.08666
APH.N,11.47,3.65092,9.72229,6.91192,45310498275.6,-5.56,71491662.16826,0.07697,26.36866,0.89128,0.88393,40.26639,0.98051,2.91413
HON.OQ,8.75,4.12396,11.04869,8.13655,144078654317.6,4.5,199707794.78739,-0.0545,22.96704,0.90134,0.7796,44.25455,0.86881,2.18223
GPC.N,7.169,1.14422,11.94149,6.67448,24458318181.59,6.28,55018726.06,0.11563,23.05888,1.28408,0.76045,58.34543,2.07985,3.53508
MHK.N,7.2,0.54819,29.70266,0.83062,6494448751.04,-1.86,16853712.17348,-0.14837,43.4722,1.53129,0.9162,43.69662,3.16354,3.858
MCHP.OQ,15.98,5.05834,16.00423,6.3309,38638111877.5,-8.97,144816994.76304,0.03256,41.14022,1.77768,1.11429,39.57831,2.8543,3.75508
CAT.N,7.36,2.20155,23.58289,7.99623,124669265083.8,-15.0,180754920.47739,-0.01333,32.19702,1.36735,0.98907,29.10021,1.54542,2.85584
PG.N,12.47,4.46367,8.53811,8.14864,359151732000.0,8.51,287393665.51522,0.05362,20.10449,0.73836,0.73543,48.0826,0.6042,2.30622
ZTS.N,16.289,8.53039,9.0697,14.65947,68302850867.25,19.47,83196116.33435,0.03961,30.5497,1.01585,1.09597,63.88995,0.73068,1.62094
STE.N,8.64,3.85966,14.2589,3.17898,18436301189.57,22.05,27694160.99783,0.04067,34.54844,0.78938,1.45314,74.50157,1.89894,3.41124
BKR.OQ,1.52,1.43615,20.19234,2.1066,29780046721.97,-1.09,72408512.66217,0.0434,41.19645,0.90879,1.16775,30.44822,2.24354,2.73799
AFL.N,2.49,2.14539,15.60653,1.85828,44731469006.4,1.82,57901946.2,0.07362,23.35878,1.13536,0.96601,50.12987,1.60703,3.89035
CPB.N,7.29,1.90931,22.34011,4.89422,16994784257.0,-0.07,33602913.39261,0.0319,21.69947,0.45917,0.36751,59.58904,5.2964,6.14604
PTC.OQ,11.769,6.91404,9.3497,6.14161,13367232459.4,4.42,37026425.33478,0.02284,31.32811,1.43069,0.14423,62.68185,1.32987,2.29609
FITB.OQ,1.28,3.87752,36.55094,1.34554,22520658206.46,-2.7,72483874.42391,-0.11892,38.81284,1.29144,1.43477,29.90654,1.3562,2.11097
MSI.N,13.769,4.93867,12.45058,-105.80006,43089938991.39,11.31,63451687.23,0.15832,26.69162,0.76614,0.91294,49.53528,0.76059,2.10468
XEL.OQ,2.859,2.62576,38.73867,2.34073,38367592054.56,1.98,68958230.54913,-0.00475,23.53376,0.62306,0.90234,35.09749,1.2278,2.68594
HSIC.OQ,7.879,0.85878,8.0725,2.99173,10826184815.25,-3.69,27812712.97,-0.00688,25.76175,0.85908,1.06915,25.11521,3.85786,5.42303
ITW.N,17.03,4.32693,10.23506,22.46139,67673159293.7,-11.36,77233447.26217,-0.00288,26.11111,0.90947,0.96547,40.14614,2.00774,6.12368
WST.N,21.46,5.98957,1.23876,7.04869,17423663490.45,19.15,48841067.39261,0.04514,41.1324,0.94838,1.50596,36.62413,1.84849,1.97328
ALK.N,-1.83,0.60075,49.04118,1.42349,5446416463.14,1.74,25192815.80174,-0.079,36.40127,1.43147,0.80553,41.30719,3.26529,3.26431
DFS.N,4.8,2.27487,53.15517,1.87104,26729676589.95,-2.89,61797294.67957,-0.02627,37.45053,1.54831,1.19338,31.27023,1.72164,2.52009
APTV.N,4.16,1.48581,23.59449,3.07895,25233534292.27,-17.21,58430338.88174,-0.04893,46.61366,2.09631,1.00806,22.32219,1.59389,2.44506
MPC.N,7.33,0.31281,34.41625,2.07523,54547434352.87,-24.06,153705738.50696,0.14327,38.40843,0.67432,1.01517,24.02374,2.69029,2.9995
PGR.N,3.029,1.56105,7.75069,5.13619,75880350000.0,-10.36,121639759.90044,0.08058,27.10158,1.09846,0.66656,46.53047,0.3887,1.09475
ZION.OQ,1.26,3.01938,45.33725,1.5662,7355208786.64,-7.87,61925575.57174,-0.15801,56.21365,1.39307,1.08257,33.55856,2.21178,2.54247
ICE.N,1.819,5.97703,24.39425,2.56257,57301811208.75,5.86,80143401.76696,0.00132,26.80322,1.07664,0.86304,51.62883,0.7113,1.94325
KMB.N,11.849,2.27075,16.24926,104.84125,45814551760.5,11.64,72853060.28217,0.0315,18.69685,0.70208,0.73632,58.04348,2.05669,4.92121
SWKS.OQ,20.96,2.66074,13.5144,2.66941,14595477762.32,-20.18,96486440.18652,-0.15357,40.59959,1.37713,0.82698,31.28631,1.87518,1.41087
EL.N,12.32,5.12319,5.85475,16.05636,88528706451.97,-47.57,124040799.13739,-0.08822,41.37372,1.13102,0.63317,14.97491,1.00257,2.16552
TSLA.OQ,13.4,5.19578,0.95334,9.76142,388971946667.82,-27.3,2760852371.64652,0.02475,65.15192,1.59554,0.97627,55.93702,2.53936,0.64985
EXR.N,8.33,10.68419,25.4905,6.06357,19710570491.04,-5.29,43485011.08696,0.03881,33.66209,0.57698,1.2007,52.46085,2.99491,3.96709
SPGI.N,24.019,10.56272,8.85881,3.26226,109123452000.0,18.07,122370876.03956,-0.0014,28.79952,1.27647,0.75282,59.2964,1.2346,2.22769
ADBE.OQ,23.739,9.10085,2.66575,10.93436,156452797000.0,-46.45,348165821.90348,-0.04891,41.81843,1.25434,1.62029,28.79417,0.90399,1.39797
ADSK.OQ,14.169,8.23102,6.3918,44.55179,40320471603.78,-7.16,97263477.40043,-0.04803,44.23745,2.34135,1.58547,47.8463,1.13815,1.44194
WRK.N,4.32,0.42099,47.19786,0.78449,8948854813.8,-2.23,21399953.84217,-0.17746,37.66761,1.27473,1.35191,22.78057,1.49545,2.33705
WHR.N,8.21,0.37381,44.99477,1.82835,7706507956.84,1.89,30746356.21304,-0.1636,36.42546,1.34466,1.12895,36.86672,10.32409,9.15179
FOXA.OQ,7.049,1.16717,38.88449,1.43499,16020383676.38,-2.95,45811422.97652,-0.04352,30.79706,0.38584,0.90698,33.33333,2.85206,3.7187
TT.N,8.14,2.49965,11.38757,6.60788,38712353384.64,-5.18,79073631.69087,0.00754,29.38137,1.2362,0.60788,50.0,1.2315,2.52363
TSN.N,8.669,0.42011,27.93835,1.13745,22384434609.75,-9.45,59247254.46783,-0.1087,30.33383,0.31342,0.45597,22.30911,2.21079,2.11879
AKAM.OQ,11.849,3.688,15.56433,3.14397,13255525215.6,8.77,55405533.03696,-0.06775,31.58369,1.07093,0.73092,61.35148,5.9833,7.00962
LUV.N,-3.58,0.88096,57.91685,1.83006,19991629974.68,-3.19,55874965.53,-0.15313,34.57611,0.98887,0.79665,26.24495,1.53433,1.52057
INVH.N,5.799,8.31862,30.28904,1.75686,18122189702.76,3.31,33677557.55696,-0.00065,29.96383,0.81186,1.03316,62.23629,2.95166,5.14652
TSCO.OQ,13.46,1.83841,4.33498,12.81654,24850916227.65,9.53,92173315.9287,0.08604,32.4035,0.7996,1.22056,35.20754,3.69768,4.35407
AON.N,8.48,4.99516,16.55189,-79.57735,62084840211.04,23.17,89605139.58348,0.10916,23.44383,0.96132,1.07774,55.6821,0.60624,1.59074
AMZN.OQ,5.939,1.7064,9.28588,6.23055,856938950784.0,8.26,1498247787.13152,-0.05981,44.9348,1.24246,1.30451,56.59394,0.75313,1.05312
MS.N,1.26,2.351,93.79082,1.42587,143693102803.38,-3.72,187940319.41,-0.00033,28.9407,1.3844,0.76428,26.68657,1.05325,2.75024
BRKb.N,3.0,2.32057,15.04906,1.51326,681920932605.96,17.41,302352062.82522,0.06142,21.33036,0.97533,1.0268,44.93166,0.46762,1.62323
GOOG.OQ,22.399,4.04788,1.44346,4.51228,1145003890000.0,16.6,803566291.73239,0.02918,38.53259,0.72729,1.3352,74.21739,0.5228,1.38505
KR.N,5.73,0.21785,29.93257,3.20636,31911339187.5,0.12,65965397.77522,0.07821,27.38376,0.64428,1.4056,60.82949,2.23015,2.99023
BKNG.OQ,8.32,4.87901,11.74147,21.46481,78171477848.64,21.06,300834409.89956,0.06245,36.03811,1.30427,1.17308,44.80007,1.91092,2.38218
STZ.N,7.4,4.52872,20.32917,4.55226,42757462253.25,2.84,64375524.32435,-0.00226,24.01923,0.91447,0.79174,55.74889,1.03282,1.89554
WBD.OQ,3.37,0.88557,69.34655,0.47442,23021194222.2,-2.34,73236659.21652,-0.12024,59.30934,1.62824,1.75244,42.55692,4.65093,3.8622
ABBV.N,15.279,4.94308,20.25997,17.86866,285804134897.88,-10.77,228397550.66956,0.07924,22.12651,0.63285,0.73799,22.73752,0.731,2.58671
STLD.OQ,30.28,0.75415,16.72332,2.16409,17153326659.3,-14.15,67267136.22565,0.1058,45.85172,1.642,1.32466,23.4767,3.15501,1.79367
MA.N,23.39,15.45241,4.26343,52.64329,334328407560.75,22.66,274003699.92739,0.03329,26.45831,1.25167,1.08478,58.50485,0.4853,1.97188
XOM.N,6.849,1.17424,9.5401,2.44071,454215400000.0,-3.71,496082588.27217,0.13651,33.2735,0.63808,0.74442,24.54918,0.79468,1.87944
SWK.N,6.679,0.65595,41.15184,1.16408,11113386964.32,1.03,37979952.33304,-0.20841,43.74834,0.82469,1.22026,47.61261,4.59759,4.17688
FICO.N,30.149,10.85474,11.11954,-18.77516,14949905422.44,47.43,39644787.45826,0.10108,42.44216,2.15206,0.70137,61.35153,3.21533,4.2452
HRL.N,7.689,1.99775,12.13189,3.30195,24889622036.7,1.0,26196217.43652,-0.03536,20.64999,0.6198,0.47629,56.78392,1.72918,5.16989
INTC.OQ,13.91,1.56854,31.35735,1.09202,109076610000.0,-3.14,353303050.02391,-0.1522,38.3287,1.04227,1.10023,45.66545,1.76364,2.10259
TRMB.OQ,9.689,3.32889,11.55152,3.24285,12469344376.96,-4.57,22706993.13304,-0.11695,39.47886,1.60576,1.2086,45.3106,1.09949,2.20186
WBA.OQ,5.089,0.24282,26.55065,1.27806,32223132777.44,-3.56,71394915.93391,-0.15091,30.64378,1.34209,0.93403,17.66423,3.48841,5.73936
OMC.N,3.97,1.16508,27.72396,6.05579,16633438560.96,0.1,55593128.93304,0.04634,27.65093,1.00866,1.16585,47.40044,4.68388,6.51373
GLW.N,5.95,1.8684,20.79228,2.32955,27015215349.44,-3.83,54418320.6087,-0.08347,28.64369,1.06147,0.8388,23.97661,1.12812,2.6613
CRM.N,5.77,4.37677,8.07484,2.23847,132590000000.0,5.21,245568855.51522,0.01454,42.96276,1.33852,1.39536,60.29895,1.02465,0.95159
SBUX.OQ,11.55,3.53056,11.96518,-13.07878,113862836094.177,4.8,231596026.18913,0.0039,32.54494,0.93904,0.48097,42.69922,1.24253,2.31542
ATO.N,3.71,3.76129,34.08934,1.67641,15803660206.18,7.21,37575521.27609,0.06952,23.58761,0.82306,0.84464,58.57226,5.21172,7.27377
ETR.N,2.06,1.73237,55.42121,1.84408,22891911750.0,0.16,37910498.46217,0.00931,24.80314,0.52354,1.05332,43.54949,1.10449,1.74755
HAL.N,4.49,1.8814,19.00702,4.68833,35731640674.95,-2.45,66332622.15522,0.06611,50.08982,0.84057,1.40975,21.60853,2.22967,2.22935
TFC.N,1.42,3.85488,40.47806,0.93918,57090740980.0,-6.55,132273223.89174,-0.17027,41.37722,1.16782,0.91048,34.77089,0.99135,1.73353
ATVI.OQ,12.109,8.14326,6.86156,3.18508,59909968169.45,-7.52,202696541.73044,-0.02827,21.57793,0.52964,-0.39207,26.25272,2.21067,2.56833
TAP.N,3.28,0.97706,39.21163,0.84691,10311471842.56,12.56,38712624.72957,0.04021,27.63198,0.98291,0.85858,85.47619,3.75573,6.93714
ABT.N,12.68,4.2511,8.28392,5.36586,191426964976.83,11.41,180068338.57783,-0.01044,24.87189,0.70335,1.11691,50.53004,0.95648,3.66026
V.N,19.039,14.614,5.16581,12.06807,428336204556.96,9.02,526785203.50913,0.02209,24.6801,1.20611,0.86907,47.40602,1.50086,4.4798
YUM.N,22.83,5.37443,24.48885,-4.25834,36078581877.28,9.18,64311517.23348,0.06967,20.7273,0.88283,0.58112,48.89643,1.06488,1.68535
LYV.N,-5.219,1.06677,31.95432,-215.95444,16101562761.46,8.95,31324046.73478,0.01156,41.48784,0.98635,1.02968,78.59008,5.47579,4.77197
JNPR.N,6.31,2.01324,14.62416,2.39068,10372794515.08,-4.96,37377660.83435,0.04977,27.49112,0.91528,0.94891,28.16901,2.64155,2.71097
RE.N,7.519,1.04748,20.38079,1.69338,12974200813.18,29.77,32364054.03043,0.10415,29.70723,0.74848,0.94211,66.83591,1.11971,1.57242
FTNT.OQ,13.37,9.32031,2.64213,-60.08995,38194628577.79,1.96,113394616.78174,0.13625,46.56832,1.61543,1.03833,55.62963,1.85991,3.11308
DTE.N,1.08,1.1738,46.60949,2.53569,22770496202.23,4.76,38925102.93609,-0.01531,22.58511,0.60127,0.90176,45.60711,0.98197,1.3025
HST.OQ,-0.35,2.47225,28.49185,1.6844,11476195564.05,0.95,31532063.58652,0.02015,37.54124,1.35265,1.02873,54.63415,4.55265,5.37046
IRM.N,3.07,2.90766,41.66471,27.3824,14492094744.45,3.3,22579179.45913,0.09504,33.13011,0.58715,0.9791,56.28227,5.50296,12.75232
PEAK.N,3.22,6.67163,31.97322,2.08382,13476131410.08,-0.72,24464376.22696,-0.15105,28.41626,0.79578,1.0373,46.48318,1.15119,1.63574
FIS.N,4.879,2.7791,32.93646,0.89513,40260796089.6,2.9,74170673.0687,-0.17778,50.46046,1.41358,1.36386,47.34721,1.12875,0.93492
DAL.N,-3.6,0.45197,64.65384,4.59029,21069449575.32,-0.88,84385946.85261,-0.03712,39.95556,1.6554,0.93421,43.72355,3.04624,2.36728
ROK.N,10.349,3.80846,11.56208,10.88643,29555144219.62,-15.67,47742826.28783,0.02903,36.51122,1.366,0.77154,45.12927,1.76794,3.17609
DOW.N,10.88,0.59694,28.52096,1.95741,35462429564.91,-1.69,72734220.87478,-0.06209,29.11891,0.71292,0.97243,34.12371,1.31695,2.12233
PPL.N,1.98,3.03159,38.99088,1.54996,21515220258.48,0.9,45544730.98087,-0.00125,22.61151,0.71072,0.95667,45.29915,1.14708,1.94529
NTRS.OQ,0.84,2.58965,90.68386,1.67199,18441316000.0,-16.82,46134084.43,-0.14077,34.40112,1.38694,1.4019,13.87154,1.02118,2.52767
VFC.N,9.25,0.90985,37.29079,3.47688,10728309606.85,-0.93,31700032.65217,-0.26042,46.39056,1.19684,1.17262,38.53727,4.17644,2.34971
ETN.N,8.08,3.09526,12.69734,3.88468,62419015000.0,-0.51,79792204.33217,0.06325,27.49387,0.95292,0.8621,59.12381,1.08207,2.88798
CVX.N,6.51,1.52857,6.63652,2.18722,347068782621.54,-5.77,377534168.99435,0.09908,31.14045,0.52615,0.91478,24.23717,0.83487,2.1316
LNC.N,0.41,0.24502,63.41493,2.34473,5198299054.08,-2.72,23060563.48522,-0.17248,63.1831,1.60089,1.86264,37.52998,3.50385,1.95078
CI.N,4.5,0.56272,25.08289,2.24518,101303561585.36,2.48,128346859.10522,0.00242,26.05098,0.98349,0.77875,50.41733,1.02531,2.03656
ACN.N,15.22,2.8165,0.03199,7.31651,175684390808.92,-5.47,181004320.01435,0.0087,30.93898,1.25741,1.05335,49.93571,0.68076,2.13489
XYL.N,5.309,3.73236,11.19317,6.19742,19927094793.24,2.35,41009488.95522,-0.01693,31.82554,1.2779,0.91037,50.63521,2.06894,4.74542
HAS.OQ,6.94,1.36093,33.43491,2.83131,8426318179.22,8.83,41035590.92783,-0.10112,36.68468,0.30839,1.32597,83.78571,3.81969,3.11619
ENPH.OQ,20.75,17.8384,3.59,59.00581,36014309637.12,-37.72,246614041.79304,0.08524,69.27509,1.84084,0.71844,21.27681,3.59032,1.45782
SO.N,2.89,2.7766,40.70577,2.46942,77742126647.48,4.29,81951623.3913,0.04685,22.01057,0.41255,0.88847,46.05678,1.05801,2.36026
CTLT.N,7.07,1.67879,35.15297,1.72379,8100161140.89,-31.81,51410317.73087,-0.09082,73.26614,0.80124,1.55303,29.74514,3.30136,1.90471
DISH.OQ,5.589,0.43618,73.59239,0.43856,7451115005.88,-2.85,21947574.94,-0.26935,67.62552,2.05153,1.05727,31.97832,5.67939,7.20813
EQT.N,1.52,1.58028,27.82797,1.29483,12417166349.15,2.16,46275995.4513,0.099,55.1332,0.54834,1.45837,52.95096,6.42901,4.05682
NRG.N,11.49,0.23852,53.4528,1.43981,7330825403.1,-0.66,47118173.87391,0.01356,37.35892,0.40265,1.40411,38.02817,6.15264,3.14915
MKTX.OQ,18.019,14.87903,0.0,10.30347,10496533566.47,-88.63,44637127.05304,-0.06126,39.08242,1.58526,0.35341,29.06837,1.86861,2.3029
LMT.N,12.429,1.96991,8.4074,10.65489,127496362259.87,-22.39,128483719.49348,0.04946,22.63419,0.56932,0.67756,24.31373,1.1111,2.54119
DLR.N,4.64,6.30865,33.48307,1.68944,28829858514.25,3.63,60316886.91565,-0.1031,36.30363,1.229,0.83911,48.95554,3.42577,5.31631
PSX.N,4.57,0.30306,25.89741,1.74234,49191560729.04,-6.77,110446335.79261,0.03546,38.89531,0.69427,0.92023,27.04364,2.13674,3.41055
SCHW.N,1.02,7.46015,77.76675,4.21705,155424720112.72,-3.53,192366765.97478,-0.06227,41.28486,1.52425,1.39477,35.68493,0.90443,2.70939
DXC.N,4.24,0.39666,52.137,1.32092,6096728409.5,-2.19,10321138.53565,-0.05401,47.44254,1.97134,0.99967,37.07415,3.35468,5.07815
SNPS.OQ,15.33,9.57687,0.04415,8.82057,48665285872.26,-7.1,100087547.21044,0.14561,34.9307,1.27042,0.84236,41.32147,1.28661,2.25344
J.N,6.129,1.01872,18.77891,2.52409,15202214108.27,-1.02,22320298.96174,-0.05128,27.27253,1.08555,0.95301,51.40312,1.15359,2.97331
AVY.N,10.619,1.59357,17.73953,7.31475,14655391534.0,-1.01,29781830.54783,-0.07677,30.62731,1.04637,1.00752,42.42193,1.96925,3.2266
