timestamp,S&P500,VIX,ValueOverGrowth,SmallOverLarge,USD_to_EUR,USD_to_GBP,JPY_to_USD,CNH_to_USD,MXN_to_USD,CAD_to_USD,_10_y_UST,_10_y_UST_real,_10_y_BE,_2s10s_UST,Brent_Crude
2019-12-31,3230.78,13.78,0.95238,1.27302,1.1227,1.3269,108.67,6.9618,18.86,1.2962,1.92,0.15,1.77,0.34,67.77
2020-01-01,3230.78,13.78,0.95238,1.27302,1.1227,1.3269,108.67,6.9618,18.86,1.2962,1.92,0.15,1.77,0.34,67.77
2020-01-02,3257.85,12.47,0.94367,1.26208,1.1166,1.3128,108.43,6.9642,18.889,1.2998,1.88,0.08,1.8,0.3,67.05
2020-01-03,3234.85,14.02,0.94342,1.26642,1.1173,1.3091,107.94,6.9649,18.865,1.2985,1.8,0.03,1.77,0.27,69.08
2020-01-06,3246.28,13.85,0.93812,1.26342,1.1187,1.3163,108.36,6.9749,18.821,1.2964,1.81,0.06,1.75,0.27,70.25
2020-01-07,3237.18,13.79,0.93491,1.26348,1.1138,1.3127,108.53,6.9443,18.876,1.3016,1.83,0.09,1.74,0.29,68.74
2020-01-08,3253.05,13.45,0.93094,1.26129,1.1117,1.311,109.03,6.9447,18.773,1.3026,1.87,0.12,1.75,0.29,67.31
2020-01-09,3274.7,12.54,0.92795,1.2538,1.1106,1.3069,109.47,6.9309,18.83,1.309,1.85,0.11,1.74,0.27,66.58
2020-01-10,3265.35,12.56,0.92701,1.25221,1.1119,1.306,109.5,6.9178,18.768,1.3051,1.83,0.07,1.76,0.27,66.77
2020-01-13,3288.13,12.32,0.92564,1.25351,1.1138,1.2983,109.93,6.8924,18.82,1.3049,1.85,0.08,1.77,0.27,64.14
2020-01-14,3283.15,12.39,0.92892,1.26002,1.113,1.3018,110.05,6.8837,18.804,1.3056,1.82,0.05,1.77,0.24,64.45
2020-01-15,3289.29,12.42,0.928,1.26146,1.116,1.303,109.94,6.8899,18.81,1.304,1.79,0.04,1.75,0.23,63.29
2020-01-16,3316.81,12.32,0.92618,1.2661,1.1131,1.3076,110.16,6.8769,18.777,1.3042,1.81,0.07,1.74,0.23,64.63
2020-01-17,3329.62,12.1,0.92496,1.25817,1.1093,1.3029,110.16,6.8589,18.728,1.3074,1.84,0.09,1.75,0.26,64.05
2020-01-20,3329.62,12.1,0.92496,1.25817,1.1093,1.3029,110.16,6.8589,18.728,1.3074,1.84,0.09,1.75,0.26,64.63
2020-01-21,3320.79,12.85,0.92298,1.25137,1.1096,1.3047,109.95,6.9049,18.702,1.3068,1.78,0.04,1.74,0.25,63.66
2020-01-22,3321.75,12.91,0.92194,1.24983,1.1085,1.3136,109.93,6.904,18.693,1.3135,1.77,0.05,1.72,0.24,62.11
2020-01-23,3325.54,12.98,0.92203,1.24846,1.1041,1.3104,109.39,6.9364,18.833,1.3144,1.74,0.04,1.7,0.23,61.26
2020-01-24,3295.47,14.56,0.92315,1.24348,1.1026,1.3071,109.31,6.9161,18.845,1.3146,1.7,0.02,1.68,0.21,59.34
2020-01-27,3243.63,18.23,0.92832,1.24861,1.1019,1.3054,108.95,6.9161,18.9599,1.3176,1.61,-0.02,1.63,0.17,58.54
2020-01-28,3276.24,16.28,0.92301,1.24607,1.1008,1.2996,109.17,6.9161,18.78,1.3174,1.65,0.0,1.65,0.2,59.37
2020-01-29,3273.4,16.39,0.92073,1.24126,1.1004,1.3012,109.15,6.9161,18.6762,1.3201,1.6,-0.04,1.64,0.18,59.46
2020-01-30,3283.66,15.49,0.9264,1.23651,1.1032,1.3106,108.75,6.9161,18.799,1.3216,1.57,-0.07,1.64,0.16,57.72
2020-01-31,3225.52,18.84,0.92681,1.23306,1.1082,1.3195,108.5,6.9161,18.89,1.322,1.51,-0.14,1.65,0.18,57.77
2020-02-03,3248.92,17.97,0.92275,1.23632,1.1062,1.3006,108.59,7.0208,18.79,1.3295,1.54,-0.09,1.63,0.18,54.0
2020-02-04,3297.59,16.05,0.91763,1.2356,1.1043,1.3029,109.41,6.9979,18.676,1.3266,1.61,-0.03,1.64,0.2,53.9
2020-02-05,3334.69,15.15,0.92396,1.24105,1.1006,1.3,109.74,6.972,18.62,1.3294,1.66,0.0,1.66,0.22,55.36
2020-02-06,3345.78,14.96,0.92123,1.23364,1.0979,1.2935,109.89,6.9694,18.67,1.3292,1.65,-0.02,1.67,0.21,55.18
2020-02-07,3327.71,15.47,0.92181,1.22617,1.095,1.2908,109.81,7.0003,18.755,1.3304,1.59,-0.07,1.66,0.18,54.53
2020-02-10,3352.09,15.04,0.91905,1.22442,1.0916,1.2919,109.77,6.982,18.767,1.3323,1.56,-0.1,1.66,0.19,53.39
2020-02-11,3357.75,15.18,0.91815,1.22969,1.0917,1.2945,109.78,6.965,18.694,1.3299,1.59,-0.06,1.65,0.18,54.0
2020-02-12,3379.45,13.74,0.91144,1.22983,1.0893,1.2978,110.0,6.9708,18.627,1.3243,1.62,-0.04,1.66,0.18,55.54
2020-02-13,3373.94,14.15,0.9082,1.23436,1.0848,1.3051,109.81,6.9759,18.642,1.3255,1.61,-0.06,1.67,0.17,56.34
2020-02-14,3380.16,13.68,0.90627,1.22955,1.0839,1.3039,109.77,6.9859,18.57,1.3251,1.59,-0.07,1.66,0.17,57.37
2020-02-17,3380.16,13.68,0.90627,1.22955,1.0839,1.3039,109.77,6.9859,18.57,1.3251,1.59,-0.07,1.66,0.17,57.83
2020-02-18,3370.29,14.83,0.90369,1.22846,1.0815,1.3017,109.8,6.9949,18.589,1.3256,1.55,-0.1,1.65,0.14,57.35
2020-02-19,3386.15,14.38,0.89782,1.22813,1.0794,1.2934,111.17,6.9975,18.588,1.3232,1.56,-0.09,1.65,0.14,59.72
2020-02-20,3373.23,15.56,0.90248,1.23528,1.0797,1.2877,111.86,7.0225,18.82,1.3259,1.52,-0.11,1.63,0.13,59.57
2020-02-21,3337.75,17.08,0.91017,1.23558,1.0855,1.2966,111.74,7.0255,18.813,1.3217,1.46,-0.15,1.61,0.12,58.6
2020-02-24,3225.89,25.03,0.91929,1.24082,1.0857,1.2923,110.56,7.0286,19.089,1.3282,1.38,-0.21,1.59,0.12,56.71
2020-02-25,3128.21,27.85,0.92275,1.23518,1.0868,1.3004,110.23,7.0128,19.054,1.3285,1.33,-0.2,1.53,0.13,55.29
2020-02-26,3116.39,27.56,0.91984,1.22431,1.0887,1.2921,110.36,7.0214,19.163,1.3321,1.33,-0.21,1.54,0.17,54.96
2020-02-27,2978.76,39.16,0.91824,1.23537,1.0977,1.2876,110.15,7.0036,19.347,1.3356,1.3,-0.23,1.53,0.19,52.19
2020-02-28,2954.22,40.11,0.9102,1.22697,1.1001,1.2778,108.12,6.9906,19.73,1.3411,1.13,-0.28,1.41,0.27,51.31
2020-03-02,3090.23,33.42,0.90933,1.20834,1.1164,1.2791,108.02,6.9595,19.583,1.3334,1.1,-0.31,1.41,0.26,52.52
2020-03-03,3003.37,36.82,0.912,1.21581,1.1175,1.2827,107.28,6.9579,19.33,1.3352,1.02,-0.43,1.45,0.31,52.24
2020-03-04,3130.12,31.99,0.91151,1.20223,1.113,1.2836,107.34,6.9244,19.533,1.3425,1.02,-0.44,1.46,0.35,51.86
2020-03-05,3023.94,39.62,0.91792,1.20097,1.1202,1.2939,106.56,6.9366,19.825,1.3403,0.92,-0.48,1.4,0.33,51.29
2020-03-06,2972.37,41.94,0.91747,1.1978,1.1319,1.301,105.31,6.9298,20.171,1.342,0.74,-0.57,1.31,0.25,45.6
2020-03-09,2746.56,54.46,0.91376,1.17223,1.142,1.31,102.52,6.9448,20.926,1.3527,0.54,-0.45,0.99,0.16,35.33
2020-03-10,2882.23,47.3,0.90492,1.15335,1.1342,1.2933,103.71,6.9549,21.051,1.3775,0.76,-0.24,1.0,0.26,35.57
2020-03-11,2741.38,53.9,0.90192,1.13558,1.128,1.2887,104.81,6.9595,21.205,1.3748,0.82,-0.14,0.96,0.32,34.45
2020-03-12,2480.64,75.47,0.89916,1.11625,1.1081,1.2541,105.67,7.0282,22.326,1.3869,0.88,-0.04,0.92,0.38,31.02
2020-03-13,2711.02,57.83,0.90407,1.10372,1.1066,1.2406,107.15,7.0079,21.885,1.3991,0.94,0.04,0.9,0.45,32.25
2020-03-16,2386.13,82.69,0.91595,1.07788,1.1139,1.2278,105.64,6.9913,22.613,1.3974,0.73,0.0,0.73,0.37,27.98
2020-03-17,2529.19,75.91,0.93048,1.07467,1.0971,1.2017,107.41,7.003,23.14,1.4188,1.02,0.39,0.63,0.55,27.97
2020-03-18,2398.1,76.45,0.92725,1.01501,1.0833,1.176,108.45,7.0459,23.72,1.4529,1.18,0.55,0.63,0.64,22.79
2020-03-19,2409.39,72.0,0.90394,1.07086,1.0699,1.1662,110.08,7.1058,24.087,1.4463,1.12,0.62,0.5,0.68,23.98
2020-03-20,2304.92,66.04,0.90111,1.07484,1.0682,1.1743,111.3,7.095,24.026,1.4363,0.92,0.17,0.75,0.55,25.55
2020-03-23,2237.4,61.59,0.87909,1.08317,1.076,1.1492,111.36,7.09,25.127,1.4539,0.76,-0.04,0.8,0.48,23.75
2020-03-24,2447.33,61.67,0.87788,1.08678,1.0794,1.1784,111.44,7.061,25.132,1.448,0.84,-0.13,0.97,0.46,24.5
2020-03-25,2475.56,63.95,0.87974,1.09708,1.0835,1.1763,111.43,7.1099,24.395,1.4333,0.88,-0.19,1.07,0.54,25.62
2020-03-26,2630.07,61.0,0.88683,1.09665,1.1025,1.214,109.45,7.0709,23.13,1.4045,0.83,-0.24,1.07,0.53,23.55
2020-03-27,2541.47,65.54,0.8943,1.09113,1.1059,1.236,108.16,7.0942,23.41,1.4075,0.72,-0.22,0.94,0.47,22.39
2020-03-30,2626.65,57.08,0.89912,1.07726,1.1018,1.2392,108.06,7.0986,24.265,1.4169,0.7,-0.25,0.95,0.47,19.19
2020-03-31,2584.59,53.54,0.89526,1.08723,1.1016,1.2454,107.53,7.0808,23.448,1.4123,0.7,-0.17,0.87,0.47,14.85
2020-04-01,2470.5,57.06,0.90038,1.06222,1.0934,1.2394,107.05,7.0989,24.453,1.4222,0.62,-0.29,0.91,0.39,14.97
2020-04-02,2526.9,50.91,0.90928,1.05114,1.0862,1.238,107.85,7.0857,24.034,1.411,0.63,-0.4,1.03,0.4,20.24
2020-04-03,2488.65,46.8,0.91089,1.03388,1.0797,1.2228,108.53,7.0908,24.69,1.4132,0.62,-0.46,1.08,0.39,24.33
2020-04-06,2663.68,45.24,0.89724,1.04628,1.0808,1.2298,109.11,7.0895,24.628,1.4125,0.67,-0.47,1.14,0.4,22.58
2020-04-07,2659.41,46.7,0.89826,1.05439,1.0886,1.2343,108.97,7.0448,24.035,1.3971,0.75,-0.42,1.17,0.47,22.1
2020-04-08,2749.98,43.35,0.89951,1.06799,1.0864,1.2394,108.7,7.0649,24.039,1.4015,0.77,-0.42,1.19,0.5,25.22
2020-04-09,2789.82,41.67,0.90815,1.09814,1.0931,1.2458,108.38,7.0428,23.625,1.398,0.73,-0.5,1.23,0.5,20.23
2020-04-10,2789.82,41.67,0.90815,1.09814,1.0951,1.2485,108.39,7.0341,23.42,1.3967,0.73,-0.5,1.23,0.5,20.23
2020-04-13,2761.63,41.17,0.89496,1.07666,1.0906,1.2518,107.59,7.0501,23.723,1.3953,0.76,-0.5,1.26,0.51,20.23
2020-04-14,2846.06,37.76,0.88652,1.06434,1.0971,1.2617,107.08,7.0479,23.599,1.3903,0.76,-0.53,1.29,0.53,21.74
2020-04-15,2783.36,40.84,0.87696,1.04018,1.0909,1.2523,107.42,7.0664,24.064,1.4105,0.63,-0.56,1.19,0.43,19.8
2020-04-16,2799.55,40.11,0.86915,1.02834,1.084,1.2433,107.72,7.0778,24.124,1.4141,0.61,-0.42,1.03,0.41,18.69
2020-04-17,2874.56,38.15,0.88135,1.04642,1.0883,1.2503,107.52,7.0711,23.831,1.4026,0.65,-0.36,1.01,0.45,19.75
2020-04-20,2823.16,43.83,0.87723,1.0477,1.0874,1.2467,107.69,7.0721,24.037,1.4067,0.63,-0.31,0.94,0.43,17.36
2020-04-21,2736.56,45.41,0.88289,1.05522,1.0854,1.2266,107.69,7.0914,24.433,1.4199,0.58,-0.38,0.96,0.38,9.12
2020-04-22,2799.31,41.98,0.8746,1.04314,1.0829,1.2332,107.81,7.0831,24.585,1.4132,0.63,-0.43,1.06,0.41,13.77
2020-04-23,2797.8,41.38,0.87365,1.05492,1.0815,1.2369,107.65,7.0654,24.682,1.4028,0.61,-0.44,1.05,0.39,15.06
2020-04-24,2836.74,35.93,0.87258,1.057,1.0798,1.2335,107.44,7.0813,24.8225,1.4098,0.6,-0.51,1.11,0.38,15.87
2020-04-27,2878.48,33.29,0.87652,1.08397,1.0829,1.2421,107.22,7.0848,24.832,1.4042,0.67,-0.5,1.17,0.43,15.17
2020-04-28,2863.39,33.57,0.8874,1.10476,1.0836,1.2438,106.83,7.0776,24.394,1.3992,0.62,-0.52,1.14,0.42,15.6
2020-04-29,2939.51,31.23,0.87752,1.12809,1.0853,1.2429,106.67,7.0755,23.927,1.3936,0.63,-0.51,1.14,0.43,17.86
2020-04-30,2912.43,34.15,0.86563,1.09997,1.0934,1.2602,106.94,7.0622,23.979,1.3911,0.64,-0.43,1.07,0.44,18.11
2020-05-01,2830.71,37.19,0.86632,1.08906,1.0998,1.2509,106.76,7.0622,24.8066,1.4102,0.64,-0.42,1.06,0.44,18.49
2020-05-04,2842.74,35.97,0.86153,1.08412,1.0911,1.243,106.82,7.0622,24.3853,1.4088,0.64,-0.43,1.07,0.45,20.4
2020-05-05,2868.44,33.61,0.85648,1.08198,1.0844,1.2449,106.52,7.0622,23.7938,1.4025,0.66,-0.44,1.1,0.47,25.46
2020-05-06,2848.42,34.12,0.84748,1.07855,1.0806,1.2347,106.07,7.1031,24.295,1.4143,0.72,-0.38,1.1,0.55,24.2
2020-05-07,2881.19,31.44,0.84,1.08406,1.0815,1.2349,106.36,7.0825,23.961,1.3972,0.63,-0.45,1.08,0.5,24.23
2020-05-08,2929.8,27.98,0.8443,1.10408,1.0854,1.2436,106.5,7.0732,23.619,1.391,0.69,-0.43,1.12,0.53,24.23
2020-05-11,2930.32,27.57,0.83782,1.09343,1.0818,1.233,107.7,7.0972,23.913,1.4024,0.73,-0.4,1.13,0.56,25.53
2020-05-12,2870.12,33.04,0.83753,1.07707,1.0864,1.2299,107.33,7.0816,24.037,1.4009,0.69,-0.4,1.09,0.52,26.67
2020-05-13,2820.0,35.28,0.83276,1.05775,1.0837,1.2225,106.92,7.0911,24.311,1.4089,0.64,-0.43,1.07,0.48,27.89
2020-05-14,2852.5,32.61,0.8337,1.0538,1.08,1.2194,107.09,7.0935,24.172,1.4086,0.63,-0.43,1.06,0.47,29.87
2020-05-15,2863.7,31.89,0.82806,1.06171,1.0816,1.2129,107.27,7.1013,24.0493,1.409,0.64,-0.45,1.09,0.48,30.95
2020-05-18,2953.91,29.3,0.83497,1.0944,1.0904,1.2211,107.25,7.1086,23.59,1.3966,0.73,-0.44,1.17,0.55,33.3
2020-05-19,2922.94,30.53,0.82639,1.08619,1.0937,1.2255,107.89,7.098,23.614,1.3879,0.7,-0.45,1.15,0.53,33.06
2020-05-20,2971.61,27.99,0.82345,1.0991,1.098,1.2257,107.46,7.0928,23.215,1.3911,0.68,-0.48,1.16,0.52,34.76
2020-05-21,2948.51,29.53,0.82335,1.10909,1.0953,1.2227,107.69,7.1138,22.924,1.3946,0.68,-0.46,1.14,0.51,34.78
2020-05-22,2955.45,28.16,0.81992,1.11031,1.0894,1.2178,107.5,7.1269,22.738,1.4021,0.66,-0.46,1.12,0.49,33.8
2020-05-25,2955.45,28.16,0.81992,1.11031,1.0894,1.2178,107.5,7.1269,22.738,1.4021,0.66,-0.46,1.12,0.49,33.8
2020-05-26,2991.77,28.01,0.83102,1.13212,1.097,1.2337,107.64,7.134,22.336,1.3821,0.69,-0.44,1.13,0.51,33.95
2020-05-27,3036.13,27.62,0.83759,1.14957,1.0969,1.2231,107.79,7.1681,22.358,1.3786,0.68,-0.46,1.14,0.49,32.73
2020-05-28,3029.73,28.59,0.83633,1.12638,1.1069,1.2325,107.67,7.1447,22.191,1.3763,0.7,-0.48,1.18,0.53,33.98
2020-05-29,3044.31,27.51,0.83205,1.11459,1.1107,1.232,107.77,7.1348,22.17,1.3809,0.65,-0.5,1.15,0.49,34.15
2020-06-01,3055.73,28.23,0.82874,1.12263,1.1123,1.2472,107.56,7.1263,21.991,1.3603,0.66,-0.52,1.18,0.52,36.74
2020-06-02,3080.82,26.84,0.8324,1.12376,1.1166,1.2531,108.6,7.0992,21.722,1.3515,0.68,-0.5,1.18,0.51,37.72
2020-06-03,3122.87,25.66,0.84029,1.13792,1.1246,1.26,108.88,7.1115,21.635,1.3489,0.77,-0.44,1.21,0.58,37.98
2020-06-04,3112.35,25.81,0.84761,1.14521,1.1322,1.2608,109.0,7.1075,21.851,1.3513,0.82,-0.4,1.22,0.63,38.41
2020-06-05,3193.93,24.52,0.84922,1.15633,1.1297,1.2703,109.68,7.0808,21.545,1.342,0.91,-0.36,1.27,0.69,41.0
2020-06-08,3232.39,25.81,0.8564,1.16848,1.1293,1.2694,108.46,7.07,21.638,1.3379,0.88,-0.4,1.28,0.66,39.66
2020-06-09,3207.18,27.57,0.84458,1.15266,1.1348,1.2736,107.66,7.0765,21.728,1.3433,0.84,-0.42,1.26,0.64,40.45
2020-06-10,3190.14,27.57,0.83354,1.12403,1.1355,1.2758,107.25,7.0599,21.941,1.3388,0.75,-0.52,1.27,0.58,41.18
2020-06-11,3002.1,40.79,0.82894,1.104,1.1378,1.2635,106.67,7.064,22.521,1.3559,0.66,-0.55,1.21,0.47,37.76
2020-06-12,3041.31,36.09,0.83136,1.11633,1.1253,1.2527,107.36,7.0825,22.298,1.3587,0.71,-0.5,1.21,0.52,38.54
2020-06-15,3066.59,34.4,0.82818,1.12845,1.127,1.2543,107.33,7.0887,22.521,1.3618,0.71,-0.52,1.23,0.52,39.44
2020-06-16,3124.74,33.67,0.83048,1.13351,1.1259,1.2586,107.35,7.0854,22.175,1.3562,0.75,-0.52,1.27,0.54,40.75
2020-06-17,3113.49,33.47,0.82343,1.11818,1.1219,1.2526,107.26,7.084,22.368,1.357,0.74,-0.52,1.26,0.55,40.47
2020-06-18,3115.34,32.94,0.82371,1.11655,1.1216,1.243,106.78,7.0869,22.669,1.3593,0.71,-0.57,1.28,0.52,41.75
2020-06-19,3097.74,35.12,0.81931,1.11401,1.1189,1.2362,106.89,7.0707,22.61,1.3601,0.7,-0.6,1.3,0.51,42.33
2020-06-22,3117.86,31.77,0.81348,1.11544,1.126,1.2447,106.84,7.0678,22.457,1.3544,0.71,-0.63,1.34,0.52,43.2
2020-06-23,3131.29,31.37,0.80869,1.11565,1.1322,1.2531,106.44,7.0575,22.389,1.3509,0.72,-0.66,1.38,0.54,42.72
2020-06-24,3050.33,33.84,0.80815,1.10654,1.1272,1.2432,106.83,7.077,22.7116,1.3601,0.69,-0.64,1.33,0.5,40.4
2020-06-25,3083.76,32.22,0.80809,1.11214,1.1221,1.2406,107.21,7.0768,22.83,1.366,0.68,-0.65,1.33,0.51,41.18
2020-06-26,3009.05,34.73,0.81266,1.11025,1.1215,1.2337,107.19,7.0768,22.946,1.3695,0.64,-0.68,1.32,0.47,40.97
2020-06-29,3053.24,31.78,0.81483,1.12449,1.1237,1.2279,107.71,7.0794,23.123,1.3686,0.64,-0.7,1.34,0.48,41.58
2020-06-30,3100.29,30.43,0.81271,1.12283,1.1237,1.2369,107.77,7.0651,23.0821,1.3614,0.66,-0.68,1.34,0.5,41.64
2020-07-01,3115.86,28.62,0.80445,1.10771,1.1259,1.2474,107.5,7.0703,22.823,1.3579,0.69,-0.68,1.37,0.52,42.18
2020-07-02,3130.01,27.68,0.80611,1.10651,1.1237,1.2469,107.55,7.066,22.52,1.3591,0.68,-0.73,1.41,0.52,43.19
2020-07-03,3130.01,27.68,0.80611,1.10651,1.1237,1.2469,107.55,7.066,22.52,1.3591,0.68,-0.73,1.41,0.52,42.92
2020-07-06,3179.72,27.94,0.79818,1.09766,1.1307,1.2482,107.5,7.0159,22.275,1.3546,0.69,-0.76,1.45,0.53,42.73
2020-07-07,3145.32,29.43,0.79669,1.08929,1.1299,1.2572,107.53,7.0127,22.636,1.3587,0.65,-0.78,1.43,0.49,43.28
2020-07-08,3169.94,28.08,0.79127,1.08887,1.1329,1.2593,107.39,7.0041,22.855,1.3539,0.67,-0.75,1.42,0.51,43.67
2020-07-09,3152.05,29.26,0.78182,1.07561,1.1298,1.2614,107.27,6.9923,22.702,1.3577,0.62,-0.77,1.39,0.46,42.35
2020-07-10,3185.04,27.29,0.78609,1.08039,1.1318,1.2654,106.77,6.999,22.507,1.3591,0.65,-0.76,1.41,0.49,43.27
2020-07-13,3155.22,32.19,0.79639,1.07692,1.1364,1.2614,107.22,6.9959,22.432,1.3568,0.64,-0.78,1.42,0.48,42.85
2020-07-14,3197.52,29.52,0.79673,1.07895,1.1406,1.2546,107.2,7.006,22.592,1.3606,0.63,-0.78,1.41,0.49,42.97
2020-07-15,3226.56,27.76,0.79852,1.10435,1.1406,1.2586,106.92,6.9885,22.371,1.3521,0.64,-0.77,1.41,0.48,43.96
2020-07-16,3215.57,28.0,0.80103,1.10069,1.1433,1.2621,107.05,6.9881,22.288,1.3539,0.62,-0.79,1.41,0.46,43.71
2020-07-17,3224.73,25.68,0.80055,1.10226,1.1438,1.255,107.06,6.9912,22.48,1.3572,0.64,-0.82,1.46,0.5,43.53
2020-07-20,3251.84,24.46,0.78389,1.08863,1.1442,1.2658,107.21,6.9829,22.58,1.3531,0.62,-0.84,1.46,0.46,43.3
2020-07-21,3257.3,24.84,0.79349,1.10157,1.1495,1.2736,106.82,6.98,22.319,1.3443,0.61,-0.87,1.48,0.47,44.31
2020-07-22,3276.02,24.32,0.79471,1.099,1.1587,1.2729,107.18,6.9988,22.256,1.3407,0.6,-0.88,1.48,0.46,43.98
2020-07-23,3235.66,26.08,0.80431,1.11331,1.1623,1.2759,106.83,7.0034,22.314,1.337,0.59,-0.9,1.49,0.43,42.96
2020-07-24,3215.63,25.84,0.80421,1.10607,1.1635,1.2791,105.79,7.0168,22.363,1.3425,0.59,-0.92,1.51,0.45,43.29
2020-07-27,3239.41,24.74,0.79872,1.10934,1.175,1.2887,105.29,6.995,22.013,1.3383,0.62,-0.9,1.52,0.47,43.39
2020-07-28,3218.44,25.44,0.80627,1.10646,1.1733,1.295,105.03,6.9998,21.957,1.3364,0.59,-0.92,1.51,0.45,43.11
2020-07-29,3258.44,24.1,0.80179,1.11568,1.177,1.2974,105.06,7.0014,22.003,1.337,0.58,-0.95,1.53,0.46,43.51
2020-07-30,3246.22,24.76,0.79356,1.11468,1.1791,1.3035,105.05,7.008,22.183,1.344,0.55,-0.97,1.52,0.44,42.98
2020-07-31,3271.12,24.46,0.78021,1.09762,1.1822,1.3133,105.78,6.9744,22.226,1.3384,0.55,-1.0,1.55,0.44,43.13
2020-08-03,3294.61,24.28,0.78206,1.10724,1.175,1.3053,106.11,6.9799,22.574,1.3408,0.56,-1.02,1.58,0.45,43.76
2020-08-04,3306.51,23.76,0.78092,1.11035,1.1766,1.3059,105.87,6.972,22.746,1.3366,0.52,-1.05,1.57,0.41,43.99
2020-08-05,3327.77,22.99,0.77769,1.11942,1.1898,1.3141,105.44,6.9353,22.423,1.3254,0.55,-1.06,1.61,0.44,44.92
2020-08-06,3349.16,22.65,0.77117,1.11071,1.1856,1.3147,105.52,6.952,22.359,1.3285,0.55,-1.08,1.63,0.44,45.04
2020-08-07,3351.28,22.21,0.77909,1.12545,1.1776,1.3043,105.92,6.967,22.483,1.3393,0.57,-1.04,1.61,0.44,44.07
2020-08-10,3360.47,22.13,0.78302,1.13018,1.1756,1.3082,105.85,6.9611,22.493,1.335,0.59,-1.02,1.61,0.45,44.19
2020-08-11,3333.69,24.03,0.78958,1.13294,1.1764,1.3077,106.56,6.9451,22.338,1.3296,0.64,-0.99,1.63,0.48,43.68
2020-08-12,3380.35,22.28,0.78452,1.1217,1.1796,1.3047,106.85,6.9363,22.318,1.325,0.69,-0.98,1.67,0.53,45.09
2020-08-13,3373.43,22.13,0.7761,1.12123,1.1818,1.3082,106.89,6.944,22.28,1.3214,0.71,-0.96,1.67,0.55,44.87
2020-08-14,3372.85,22.05,0.77799,1.12031,1.1833,1.3108,106.49,6.9501,22.019,1.325,0.71,-0.94,1.65,0.57,44.86
2020-08-17,3381.99,21.35,0.77268,1.12028,1.1869,1.3105,105.97,6.9318,22.042,1.3202,0.69,-0.97,1.66,0.55,44.91
2020-08-18,3389.78,21.51,0.76642,1.10637,1.1928,1.3228,105.41,6.9215,22.18,1.3181,0.67,-1.01,1.68,0.53,45.34
2020-08-19,3374.85,22.54,0.76703,1.1115,1.1898,1.3191,105.71,6.9192,22.046,1.3173,0.68,-0.99,1.67,0.54,45.21
2020-08-20,3385.51,22.72,0.76017,1.10194,1.1862,1.319,105.81,6.9143,22.148,1.3177,0.65,-0.97,1.62,0.52,44.56
2020-08-21,3397.16,22.54,0.7545,1.09091,1.1775,1.3098,105.88,6.9179,22.042,1.3201,0.64,-1.0,1.64,0.48,43.94
2020-08-24,3431.28,22.37,0.75794,1.0925,1.1803,1.3078,105.9,6.918,21.974,1.322,0.65,-1.02,1.67,0.51,44.43
2020-08-25,3443.62,22.03,0.75421,1.09063,1.1818,1.3136,106.4,6.9116,21.961,1.3191,0.69,-1.01,1.7,0.54,46.01
2020-08-26,3478.73,23.27,0.74079,1.0725,1.1813,1.3186,106.13,6.8855,21.945,1.3145,0.69,-1.03,1.72,0.53,45.79
2020-08-27,3484.55,24.47,0.74951,1.07405,1.1824,1.3229,106.42,6.8925,22.115,1.3111,0.74,-0.99,1.73,0.58,44.84
2020-08-28,3508.01,22.96,0.75016,1.07475,1.1901,1.3341,105.3,6.8647,21.87,1.3106,0.74,-1.03,1.77,0.6,45.22
2020-08-31,3500.31,26.41,0.73916,1.06545,1.195,1.3375,105.84,6.8474,21.88,1.3034,0.72,-1.08,1.8,0.58,45.22
2020-09-01,3526.65,26.12,0.72994,1.06674,1.1949,1.3416,106.0,6.8272,21.751,1.3043,0.68,-1.08,1.76,0.55,45.72
2020-09-02,3580.84,26.57,0.73505,1.06202,1.184,1.3315,106.15,6.8375,21.832,1.3061,0.66,-1.07,1.73,0.52,42.7
2020-09-03,3455.06,33.6,0.7496,1.06686,1.1832,1.3263,106.14,6.8474,21.663,1.3131,0.63,-1.02,1.65,0.5,42.72
2020-09-04,3426.96,30.75,0.75781,1.06963,1.182,1.323,106.34,6.8409,21.595,1.3095,0.72,-0.98,1.7,0.58,41.1
2020-09-07,3426.96,30.75,0.75781,1.06963,1.182,1.323,106.34,6.8409,21.595,1.3095,0.72,-0.98,1.7,0.58,40.67
2020-09-08,3331.84,31.46,0.76757,1.07819,1.1789,1.3039,105.97,6.8435,21.732,1.3194,0.69,-0.99,1.68,0.55,38.53
2020-09-09,3398.96,28.81,0.761,1.07038,1.181,1.3011,106.23,6.8308,21.52,1.3163,0.71,-1.0,1.71,0.57,39.98
2020-09-10,3339.19,29.71,0.76289,1.07588,1.188,1.2846,106.19,6.8335,21.285,1.3162,0.68,-1.01,1.69,0.54,39.27
2020-09-11,3340.97,26.87,0.76934,1.07022,1.1831,1.2788,106.17,6.833,21.327,1.3183,0.67,-0.98,1.65,0.54,38.8
2020-09-14,3383.54,25.85,0.76473,1.08443,1.1874,1.2876,105.68,6.808,21.123,1.3172,0.68,-0.97,1.65,0.54,38.57
2020-09-15,3401.2,25.59,0.75849,1.07847,1.1846,1.2866,105.5,6.7819,21.055,1.3199,0.68,-0.99,1.67,0.54,39.54
2020-09-16,3385.49,26.04,0.7675,1.09198,1.1835,1.298,104.94,6.7529,21.05,1.3164,0.69,-0.99,1.68,0.55,41.23
2020-09-17,3357.01,26.46,0.77429,1.09569,1.1823,1.2955,104.77,6.7628,20.993,1.3204,0.69,-0.97,1.66,0.56,42.35
2020-09-18,3319.47,25.83,0.77685,1.10101,1.1857,1.295,104.44,6.7675,20.949,1.3179,0.7,-0.97,1.67,0.56,42.16
2020-09-21,3281.06,27.78,0.76484,1.07772,1.1737,1.2794,104.69,6.8043,21.516,1.3299,0.68,-0.94,1.62,0.54,40.37
2020-09-22,3315.57,26.86,0.7575,1.07441,1.1703,1.2726,105.05,6.7779,21.585,1.3313,0.68,-0.94,1.62,0.55,40.84
2020-09-23,3236.92,28.58,0.76294,1.07054,1.1677,1.275,105.34,6.8089,22.116,1.3373,0.68,-0.92,1.6,0.54,41.09
2020-09-24,3246.59,28.51,0.76332,1.06729,1.1666,1.2739,105.42,6.8273,22.28,1.337,0.67,-0.91,1.58,0.53,41.24
2020-09-25,3298.46,26.38,0.75613,1.06507,1.1618,1.2706,105.59,6.822,22.451,1.3409,0.66,-0.92,1.58,0.54,40.91
2020-09-28,3351.6,26.19,0.75388,1.07306,1.166,1.2865,105.5,6.8106,22.507,1.3377,0.67,-0.94,1.61,0.53,41.59
2020-09-29,3335.47,26.27,0.74918,1.07244,1.1717,1.2847,105.68,6.815,22.466,1.3411,0.66,-0.98,1.64,0.55,40.33
2020-09-30,3363.0,26.37,0.74976,1.06625,1.1723,1.2921,105.58,6.7896,22.091,1.3323,0.69,-0.94,1.63,0.56,40.3
2020-10-01,3380.8,26.7,0.7424,1.07464,1.1752,1.2901,105.53,6.7898,21.976,1.3289,0.68,-0.95,1.63,0.54,39.75
2020-10-02,3348.44,27.63,0.75371,1.09259,1.1706,1.2928,105.36,6.7898,21.72,1.332,0.7,-0.94,1.64,0.57,38.0
2020-10-05,3408.63,27.96,0.75106,1.10021,1.1784,1.2972,105.7,6.7896,21.4301,1.3269,0.78,-0.9,1.68,0.64,39.78
2020-10-06,3360.95,29.48,0.75587,1.1121,1.1778,1.2945,105.64,6.7896,21.521,1.3275,0.76,-0.9,1.66,0.62,41.27
2020-10-07,3419.45,28.06,0.75393,1.11472,1.1766,1.2914,105.97,6.7896,21.533,1.3283,0.81,-0.9,1.71,0.65,40.62
2020-10-08,3446.83,26.36,0.75799,1.11864,1.1753,1.2944,105.98,6.7896,21.416,1.3222,0.78,-0.94,1.72,0.65,42.0
2020-10-09,3477.13,25.0,0.75184,1.11325,1.1819,1.3003,105.72,6.6933,21.153,1.312,0.79,-0.94,1.73,0.63,41.63
2020-10-12,3534.22,25.07,0.74169,1.10256,1.1819,1.3003,105.72,6.6933,21.153,1.312,0.79,-0.94,1.73,0.63,40.5
2020-10-13,3511.93,26.07,0.73861,1.09923,1.1737,1.2968,105.55,6.7452,21.392,1.3138,0.74,-0.96,1.7,0.58,41.34
2020-10-14,3488.67,26.4,0.74111,1.09731,1.1755,1.3023,105.08,6.7136,21.346,1.3147,0.73,-0.96,1.69,0.59,41.81
2020-10-15,3483.34,26.97,0.74525,1.11001,1.1701,1.2917,105.38,6.7233,21.394,1.3243,0.74,-0.95,1.69,0.6,41.61
2020-10-16,3483.81,27.41,0.74956,1.10693,1.1717,1.2931,105.41,6.6962,21.174,1.3194,0.76,-0.95,1.71,0.62,41.34
2020-10-19,3426.92,29.18,0.75111,1.11175,1.1788,1.2998,105.42,6.6803,21.1369,1.3155,0.78,-0.93,1.71,0.62,41.29
2020-10-20,3443.12,29.35,0.74935,1.1107,1.1824,1.2951,105.56,6.6754,21.065,1.312,0.81,-0.91,1.72,0.67,41.62
2020-10-21,3435.56,28.65,0.74678,1.1054,1.187,1.3143,104.58,6.6503,21.0896,1.313,0.83,-0.91,1.74,0.69,40.09
2020-10-22,3453.49,28.11,0.75485,1.11956,1.1824,1.309,104.88,6.6821,21.026,1.3132,0.87,-0.89,1.76,0.71,41.28
2020-10-23,3465.39,27.55,0.75165,1.12251,1.1844,1.3039,104.78,6.6861,20.8961,1.3147,0.85,-0.9,1.75,0.67,40.71
2020-10-26,3400.97,32.46,0.74925,1.11923,1.1816,1.3021,104.86,6.7119,20.958,1.3214,0.81,-0.91,1.72,0.65,39.06
2020-10-27,3390.68,33.35,0.73898,1.10954,1.1834,1.3067,104.44,6.7044,20.867,1.3156,0.79,-0.92,1.71,0.63,39.72
2020-10-28,3271.03,40.28,0.7448,1.11596,1.1751,1.2997,104.33,6.7279,21.152,1.3321,0.79,-0.91,1.7,0.63,37.86
2020-10-29,3310.11,37.59,0.73918,1.11632,1.1658,1.289,104.69,6.714,21.367,1.3365,0.85,-0.86,1.71,0.69,36.56
2020-10-30,3269.96,38.02,0.75555,1.11828,1.1647,1.2933,104.54,6.6919,21.276,1.3332,0.88,-0.82,1.7,0.74,36.33
2020-11-02,3310.24,37.13,0.76281,1.1262,1.1634,1.2904,104.8,6.6899,21.457,1.3255,0.87,-0.84,1.71,0.71,37.78
2020-11-03,3369.16,35.55,0.7613,1.13691,1.1724,1.305,104.5,6.6759,21.156,1.3132,0.9,-0.82,1.72,0.73,38.17
2020-11-04,3443.44,29.57,0.73451,1.1086,1.173,1.3021,104.39,6.6504,20.936,1.3113,0.78,-0.86,1.64,0.64,39.68
2020-11-05,3510.45,27.58,0.73267,1.11615,1.1809,1.3116,103.67,6.6027,20.834,1.3045,0.79,-0.87,1.66,0.65,39.47
2020-11-06,3509.44,24.86,0.7314,1.10551,1.1886,1.3162,103.32,6.608,20.63,1.3029,0.83,-0.82,1.65,0.67,38.08
2020-11-09,3550.5,25.75,0.76374,1.14293,1.1811,1.3137,105.58,6.628,20.4,1.2978,0.96,-0.77,1.73,0.79,40.93
2020-11-10,3545.53,24.8,0.77726,1.1643,1.181,1.3234,105.36,6.6146,20.433,1.2998,0.98,-0.78,1.76,0.79,42.25
2020-11-11,3572.66,23.45,0.76562,1.1528,1.181,1.3234,105.36,6.6146,20.433,1.2998,0.98,-0.78,1.76,0.79,42.5
2020-11-12,3537.01,25.35,0.76128,1.1444,1.1814,1.3142,105.16,6.6114,20.517,1.3107,0.88,-0.83,1.71,0.71,42.16
2020-11-13,3585.15,23.1,0.7676,1.15512,1.1824,1.3176,104.61,6.6039,20.45,1.3164,0.89,-0.83,1.72,0.72,41.51
2020-11-16,3626.91,22.45,0.77461,1.16879,1.1844,1.3197,104.54,6.583,20.302,1.3072,0.91,-0.81,1.72,0.72,42.71
2020-11-17,3609.53,22.71,0.77155,1.17697,1.1862,1.3247,104.2,6.5556,20.306,1.3107,0.87,-0.83,1.7,0.69,42.54
2020-11-18,3567.79,23.84,0.76916,1.17398,1.1869,1.3299,103.72,6.5588,20.246,1.3049,0.88,-0.82,1.7,0.72,42.91
2020-11-19,3581.87,23.11,0.76795,1.178,1.1843,1.3225,103.85,6.5823,20.183,1.3083,0.86,-0.84,1.7,0.68,43.09
2020-11-20,3557.54,23.7,0.77001,1.18619,1.1857,1.3294,103.81,6.5608,20.083,1.3075,0.83,-0.86,1.69,0.67,43.79
2020-11-23,3577.59,22.66,0.77728,1.20242,1.1826,1.33,104.42,6.585,20.109,1.3097,0.86,-0.85,1.71,0.7,45.0
2020-11-24,3635.41,21.64,0.78418,1.20736,1.1874,1.335,104.61,6.59,20.012,1.3027,0.88,-0.86,1.74,0.72,46.63
2020-11-25,3629.65,21.25,0.77639,1.20116,1.1908,1.3378,104.39,6.575,20.015,1.2994,0.88,-0.87,1.75,0.71,47.3
2020-11-26,3629.65,21.25,0.77639,1.20116,1.1908,1.3378,104.39,6.575,20.015,1.2994,0.88,-0.87,1.75,0.71,46.32
2020-11-27,3638.35,20.84,0.77156,1.20266,1.1908,1.3378,104.39,6.575,20.015,1.2994,0.84,-0.91,1.75,0.68,46.88
2020-11-30,3621.63,20.57,0.7656,1.18581,1.1948,1.3338,104.38,6.576,20.15,1.2982,0.84,-0.93,1.77,0.68,46.84
2020-12-01,3662.45,20.77,0.76248,1.18501,1.2039,1.3392,104.4,6.5705,20.047,1.2958,0.92,-0.89,1.81,0.75,47.03
2020-12-02,3669.01,21.17,0.76628,1.18562,1.2093,1.3348,104.52,6.5622,20.047,1.2934,0.95,-0.9,1.85,0.79,47.8
2020-12-03,3666.72,21.28,0.7674,1.19259,1.2152,1.3496,103.77,6.5418,19.887,1.2875,0.92,-0.94,1.86,0.76,48.37
2020-12-04,3699.12,20.79,0.7719,1.20882,1.2142,1.3485,104.16,6.5301,19.744,1.2797,0.97,-0.92,1.89,0.81,49.1
2020-12-07,3691.96,21.3,0.76539,1.20635,1.2138,1.3353,104.01,6.5295,19.81,1.2796,0.94,-0.94,1.88,0.8,48.63
2020-12-08,3702.25,20.68,0.76792,1.21534,1.2111,1.3358,104.14,6.5307,19.715,1.2808,0.92,-0.97,1.89,0.78,48.84
2020-12-09,3672.82,22.27,0.77884,1.22043,1.208,1.3392,104.28,6.541,19.852,1.2791,0.95,-0.96,1.91,0.79,48.81
2020-12-10,3668.1,22.52,0.77414,1.23168,1.2118,1.3293,104.3,6.5419,19.987,1.2727,0.92,-0.96,1.88,0.78,50.33
2020-12-11,3663.46,23.31,0.77659,1.22636,1.2112,1.3197,103.88,6.5445,20.093,1.2767,0.9,-0.97,1.87,0.79,50.01
2020-12-14,3647.49,24.72,0.76779,1.22948,1.2145,1.3324,104.06,6.548,20.218,1.2787,0.9,-0.98,1.88,0.77,50.27
2020-12-15,3694.62,22.89,0.76676,1.24076,1.2158,1.3434,103.69,6.5388,20.083,1.273,0.92,-0.99,1.91,0.81,50.77
2020-12-16,3701.17,22.5,0.76494,1.23351,1.2175,1.3503,103.59,6.5323,19.95,1.2755,0.92,-1.0,1.92,0.79,50.83
2020-12-17,3722.48,21.93,0.76129,1.23879,1.2258,1.3609,103.13,6.5321,19.788,1.2715,0.94,-1.0,1.94,0.81,51.2
2020-12-18,3709.41,21.57,0.75877,1.23734,1.2236,1.3497,103.35,6.5395,19.9813,1.2776,0.95,-1.0,1.95,0.82,52.17
2020-12-21,3694.92,25.16,0.75867,1.24223,1.223,1.3354,103.44,6.5493,20.04,1.2836,0.95,-1.0,1.95,0.82,50.61
2020-12-22,3687.26,24.23,0.75177,1.25411,1.2172,1.3349,103.62,6.5426,20.054,1.2918,0.93,-1.01,1.94,0.8,49.88
2020-12-23,3690.01,23.31,0.7574,1.26629,1.2194,1.351,103.52,6.54,20.08,1.2841,0.96,-1.01,1.97,0.83,51.05
2020-12-24,3703.06,21.53,0.75633,1.26056,1.2194,1.351,103.52,6.54,20.08,1.2841,0.94,-1.03,1.97,0.81,50.88
2020-12-25,3703.06,21.53,0.75633,1.26056,1.2194,1.351,103.52,6.54,20.08,1.2841,0.94,-1.03,1.97,0.81,50.88
2020-12-28,3735.36,21.7,0.7507,1.24835,1.2213,1.3447,103.84,6.5346,20.061,1.2871,0.94,-1.03,1.97,0.81,50.88
2020-12-29,3727.04,23.08,0.75069,1.23152,1.2252,1.3512,103.5,6.53,19.905,1.2794,0.94,-1.02,1.96,0.82,50.44
2020-12-30,3732.04,22.77,0.752,1.2426,1.228,1.3605,103.31,6.5208,19.934,1.2764,0.93,-1.03,1.96,0.81,50.74
2020-12-31,3756.07,22.75,0.75546,1.23365,1.223,1.3662,103.19,6.525,19.892,1.2753,0.93,-1.06,1.99,0.8,51.22
2021-01-01,3756.07,22.75,0.75546,1.23365,1.223,1.3662,103.19,6.525,19.892,1.2753,0.93,-1.06,1.99,0.8,51.22
2021-01-04,3700.65,26.97,0.75481,1.23257,1.2254,1.3551,103.19,6.4601,19.938,1.2781,0.93,-1.08,2.01,0.82,50.37
2021-01-05,3726.86,25.34,0.75598,1.24408,1.2295,1.362,102.7,6.455,19.92,1.27,0.96,-1.07,2.03,0.83,53.16
2021-01-06,3748.14,25.07,0.77181,1.28565,1.229,1.3593,103.25,6.4617,19.713,1.2685,1.04,-1.02,2.06,0.9,53.8
2021-01-07,3803.79,22.37,0.76175,1.2866,1.2265,1.3551,103.84,6.476,19.928,1.272,1.08,-1.01,2.09,0.94,53.7
2021-01-08,3824.68,21.56,0.75632,1.27787,1.2252,1.3583,103.89,6.475,19.941,1.2698,1.13,-0.93,2.06,0.99,55.51
2021-01-11,3799.61,24.08,0.76678,1.28797,1.2169,1.3522,104.16,6.4795,20.076,1.2768,1.15,-0.91,2.06,1.01,54.84
2021-01-12,3801.19,23.33,0.76938,1.30872,1.2168,1.3637,104.09,6.461,19.927,1.2745,1.15,-0.93,2.08,1.01,55.98
2021-01-13,3809.84,22.21,0.76816,1.29705,1.2159,1.3631,103.91,6.4677,19.788,1.271,1.1,-0.96,2.06,0.96,55.52
2021-01-14,3795.54,23.25,0.77861,1.32601,1.2156,1.369,103.66,6.4736,19.723,1.2633,1.15,-0.94,2.09,0.99,55.76
2021-01-15,3768.25,24.34,0.77653,1.31805,1.2099,1.3599,103.8,6.48,19.747,1.2709,1.11,-0.99,2.1,0.98,54.8
2021-01-18,3768.25,24.34,0.77653,1.31805,1.2099,1.3599,103.8,6.48,19.747,1.2709,1.11,-0.99,2.1,0.98,54.21
2021-01-19,3798.91,23.24,0.77354,1.32379,1.2126,1.3627,103.86,6.4777,19.6642,1.2721,1.1,-1.0,2.1,0.96,55.38
2021-01-20,3851.85,21.58,0.76182,1.31091,1.2126,1.3627,103.86,6.4777,19.6642,1.2721,1.1,-1.02,2.12,0.97,55.66
2021-01-21,3853.07,21.32,0.75311,1.29809,1.2143,1.3721,103.57,6.4595,19.727,1.2634,1.12,-0.98,2.1,0.99,55.68
2021-01-22,3841.47,21.91,0.7509,1.3135,1.2179,1.3685,103.76,6.481,19.925,1.2711,1.1,-0.99,2.09,0.97,55.22
2021-01-25,3855.36,23.19,0.74966,1.30675,1.2138,1.3668,103.78,6.4784,20.14,1.2747,1.05,-1.03,2.08,0.92,55.44
2021-01-26,3849.62,23.02,0.75142,1.30082,1.2147,1.3729,103.69,6.4635,20.08,1.2711,1.05,-1.03,2.08,0.94,55.26
2021-01-27,3750.77,37.21,0.75793,1.30863,1.2101,1.3688,104.09,6.4822,20.22,1.2782,1.04,-1.04,2.08,0.92,55.07
2021-01-28,3787.38,30.21,0.76411,1.29556,1.2122,1.3727,104.31,6.4491,20.23,1.2812,1.07,-1.06,2.13,0.95,54.87
2021-01-29,3714.24,33.09,0.76599,1.29862,1.2135,1.3723,104.64,6.4282,20.255,1.2776,1.11,-1.02,2.13,1.0,55.25
2021-02-01,3773.86,30.24,0.75759,1.30956,1.207,1.3672,104.97,6.4669,20.356,1.2826,1.09,-1.02,2.11,0.98,56.42
2021-02-02,3826.31,25.56,0.75209,1.3069,1.202,1.3644,105.09,6.457,20.151,1.2815,1.12,-1.03,2.15,1.01,57.62
2021-02-03,3830.17,22.91,0.75717,1.31014,1.2025,1.3652,105.05,6.4614,20.217,1.2765,1.15,-1.04,2.19,1.04,58.61
2021-02-04,3871.74,21.77,0.75415,1.31868,1.1974,1.3665,105.43,6.4715,20.457,1.283,1.15,-1.02,2.17,1.04,58.98
2021-02-05,3886.83,20.87,0.75449,1.32832,1.2035,1.3714,105.44,6.4664,20.13,1.2781,1.19,-1.02,2.21,1.1,59.48
2021-02-08,3915.59,21.24,0.75696,1.34895,1.2045,1.3738,105.19,6.4475,20.112,1.2755,1.19,-1.03,2.22,1.08,60.17
2021-02-09,3911.23,21.63,0.75726,1.35573,1.2106,1.3796,104.62,6.4344,20.097,1.2713,1.18,-1.04,2.22,1.07,60.74
2021-02-10,3909.88,21.99,0.75859,1.35017,1.2132,1.385,104.67,6.4576,20.05,1.2678,1.15,-1.06,2.21,1.04,61.17
2021-02-11,3916.38,21.25,0.75639,1.35144,1.2127,1.3822,104.75,6.4567,19.96,1.2689,1.16,-1.04,2.2,1.05,61.09
2021-02-12,3934.83,19.97,0.75603,1.34883,1.2126,1.3855,104.94,6.4567,19.93,1.2694,1.2,-1.01,2.21,1.09,62.47
2021-02-15,3934.83,19.97,0.75603,1.34883,1.2126,1.3855,104.94,6.4567,19.93,1.2694,1.2,-1.01,2.21,1.09,63.58
2021-02-16,3932.59,21.46,0.75875,1.34246,1.2107,1.391,105.88,6.4567,20.218,1.2694,1.3,-0.94,2.24,1.17,63.96
2021-02-17,3931.33,21.5,0.76379,1.33507,1.2042,1.3848,105.83,6.4567,20.186,1.2712,1.29,-0.92,2.21,1.18,65.02
2021-02-18,3913.97,22.49,0.76225,1.31955,1.2078,1.3956,105.69,6.4869,20.436,1.2706,1.29,-0.87,2.16,1.18,64.09
2021-02-19,3906.71,22.05,0.76675,1.34833,1.2136,1.4025,105.58,6.4555,20.4,1.2596,1.34,-0.8,2.14,1.23,62.84
2021-02-22,3876.5,23.45,0.78162,1.35534,1.2155,1.4077,105.06,6.4625,20.672,1.2606,1.37,-0.79,2.16,1.26,64.73
2021-02-23,3881.37,23.11,0.78336,1.34684,1.2142,1.4092,105.21,6.464,20.604,1.261,1.37,-0.79,2.16,1.26,65.16
2021-02-24,3925.43,21.34,0.78747,1.36165,1.2143,1.4106,105.91,6.4556,20.46,1.2537,1.38,-0.79,2.17,1.26,66.85
2021-02-25,3829.34,28.89,0.79861,1.34765,1.2229,1.4105,106.22,6.4541,20.891,1.2528,1.54,-0.6,2.14,1.37,66.69
2021-02-26,3811.15,27.95,0.78879,1.35204,1.2093,1.3947,106.64,6.473,20.935,1.2698,1.44,-0.71,2.15,1.3,65.86
2021-03-01,3901.82,23.35,0.78322,1.36244,1.2054,1.3938,106.68,6.4648,20.607,1.2652,1.45,-0.71,2.16,1.32,64.56
2021-03-02,3870.29,24.1,0.78901,1.34914,1.2079,1.3962,106.75,6.4702,20.624,1.2612,1.42,-0.78,2.2,1.29,63.17
2021-03-03,3819.72,26.67,0.80431,1.35656,1.2073,1.3978,106.92,6.4675,20.9203,1.2611,1.47,-0.74,2.21,1.33,64.7
2021-03-04,3768.47,28.57,0.81055,1.3412,1.2045,1.3999,107.58,6.4694,20.8206,1.2584,1.54,-0.66,2.2,1.4,67.32
2021-03-05,3841.94,24.66,0.81474,1.34378,1.1914,1.3817,108.24,6.496,21.277,1.2666,1.56,-0.66,2.22,1.42,69.95
2021-03-08,3821.35,25.47,0.83566,1.35997,1.1849,1.381,108.92,6.525,21.45,1.2672,1.59,-0.62,2.21,1.42,68.0
2021-03-09,3875.44,24.03,0.81333,1.35964,1.1885,1.3884,108.64,6.505,21.258,1.2652,1.55,-0.66,2.21,1.38,67.03
2021-03-10,3898.81,22.56,0.82119,1.37293,1.19,1.3899,108.58,6.505,20.95,1.2641,1.53,-0.73,2.26,1.37,67.53
2021-03-11,3939.34,21.91,0.80748,1.38558,1.1978,1.398,108.44,6.4932,20.696,1.2558,1.54,-0.74,2.28,1.4,69.34
2021-03-12,3943.34,20.69,0.81762,1.39383,1.1952,1.3925,108.87,6.5081,20.7411,1.2471,1.64,-0.62,2.26,1.5,68.87
2021-03-15,3968.94,20.03,0.8133,1.3926,1.1917,1.3866,109.11,6.4996,20.742,1.249,1.62,-0.65,2.27,1.48,68.78
2021-03-16,3962.71,19.79,0.81015,1.37441,1.1895,1.3892,109.01,6.5052,20.567,1.2451,1.62,-0.68,2.3,1.47,67.95
2021-03-17,3974.12,19.23,0.81066,1.38093,1.1905,1.3888,109.22,6.503,20.672,1.2475,1.63,-0.67,2.3,1.5,67.73
2021-03-18,3915.46,21.58,0.82304,1.3661,1.1926,1.3938,108.97,6.5054,20.44,1.2434,1.71,-0.56,2.27,1.55,62.11
2021-03-19,3913.1,20.95,0.81826,1.37567,1.1909,1.3872,108.85,6.507,20.4971,1.2511,1.74,-0.57,2.31,1.58,64.0
2021-03-22,3940.59,18.88,0.80976,1.35405,1.1932,1.3856,108.67,6.507,20.588,1.2528,1.69,-0.64,2.33,1.54,63.89
2021-03-23,3910.52,20.3,0.80486,1.31842,1.1872,1.3795,108.61,6.516,20.629,1.2548,1.63,-0.66,2.29,1.48,59.96
2021-03-24,3889.14,21.2,0.81347,1.30339,1.1831,1.3723,108.81,6.523,20.793,1.2551,1.62,-0.69,2.31,1.48,63.7
2021-03-25,3909.52,19.81,0.82294,1.32638,1.1777,1.3722,109.13,6.5452,20.783,1.2613,1.63,-0.69,2.32,1.49,61.21
2021-03-26,3974.54,18.86,0.82488,1.32757,1.1798,1.3794,109.55,6.5412,20.573,1.2577,1.67,-0.67,2.34,1.53,63.77
2021-03-29,3971.09,20.74,0.82425,1.29839,1.1779,1.3793,109.73,6.5696,20.585,1.2592,1.73,-0.63,2.36,1.59,64.06
2021-03-30,3958.55,19.61,0.82651,1.32037,1.1724,1.3729,110.19,6.5716,20.597,1.2626,1.73,-0.62,2.35,1.57,63.28
2021-03-31,3972.89,19.4,0.81362,1.32372,1.1743,1.3795,110.61,6.5518,20.441,1.2571,1.74,-0.63,2.37,1.58,63.52
2021-04-01,4019.87,17.33,0.80672,1.32804,1.1772,1.3825,110.61,6.5645,20.3358,1.2569,1.69,-0.66,2.35,1.52,63.85
2021-04-02,4019.87,17.33,0.80672,1.32804,1.1763,1.3825,110.67,6.5646,20.305,1.2566,1.72,-0.64,2.36,1.53,63.85
2021-04-05,4077.91,17.91,0.79825,1.31703,1.181,1.3907,110.08,6.5649,20.242,1.2512,1.73,-0.62,2.35,1.56,63.85
2021-04-06,4073.94,18.12,0.79743,1.31541,1.1852,1.3849,109.83,6.537,20.141,1.254,1.67,-0.65,2.32,1.51,61.47
2021-04-07,4079.95,17.16,0.79402,1.29761,1.189,1.3757,109.67,6.5415,20.18,1.2614,1.68,-0.66,2.34,1.52,61.86
2021-04-08,4097.17,16.95,0.7852,1.29868,1.1904,1.3739,109.25,6.5505,20.09,1.2576,1.64,-0.69,2.33,1.5,62.09
2021-04-09,4128.8,16.69,0.78071,1.29063,1.1897,1.3734,109.64,6.5522,20.162,1.254,1.67,-0.64,2.31,1.51,61.89
2021-04-12,4127.99,16.91,0.78058,1.28839,1.1907,1.3741,109.43,6.5475,20.101,1.2556,1.69,-0.64,2.33,1.51,62.38
2021-04-13,4141.59,16.65,0.77179,1.27896,1.1939,1.3742,109.19,6.5431,20.052,1.2541,1.64,-0.69,2.33,1.48,62.83
2021-04-14,4124.66,16.99,0.78124,1.29452,1.1974,1.379,108.93,6.5292,20.058,1.2515,1.64,-0.69,2.33,1.48,66.11
2021-04-15,4170.42,16.57,0.77264,1.28591,1.1964,1.3781,108.78,6.522,19.918,1.2539,1.56,-0.77,2.33,1.4,66.13
2021-04-16,4185.47,16.25,0.77616,1.2849,1.198,1.3826,108.78,6.5203,19.912,1.2498,1.59,-0.77,2.36,1.43,65.98
2021-04-19,4163.26,17.29,0.77902,1.27855,1.2028,1.3977,108.09,6.5085,19.811,1.2534,1.61,-0.73,2.34,1.45,66.54
2021-04-20,4134.94,18.68,0.77882,1.26418,1.2045,1.3955,108.07,6.4981,19.872,1.2574,1.58,-0.74,2.32,1.43,65.34
2021-04-21,4173.42,17.5,0.78018,1.27922,1.2033,1.3936,108.09,6.4903,19.884,1.2484,1.57,-0.76,2.33,1.42,64.02
2021-04-22,4134.98,18.71,0.78154,1.28595,1.2012,1.3851,108.17,6.491,19.874,1.249,1.57,-0.76,2.33,1.41,65.07
2021-04-23,4180.17,17.33,0.77636,1.29311,1.2069,1.3845,107.94,6.4945,19.852,1.2495,1.58,-0.76,2.34,1.42,65.75
2021-04-26,4187.62,17.64,0.77251,1.30404,1.2083,1.389,108.12,6.4844,19.843,1.2399,1.58,-0.78,2.36,1.4,65.5
2021-04-27,4186.72,17.56,0.77479,1.30538,1.2079,1.3908,108.56,6.483,19.974,1.2396,1.63,-0.76,2.39,1.46,66.25
2021-04-28,4183.18,17.28,0.77574,1.3086,1.2098,1.3917,108.81,6.4771,19.942,1.2354,1.63,-0.78,2.41,1.46,67.08
2021-04-29,4211.47,17.61,0.7786,1.29869,1.211,1.3956,108.94,6.471,20.109,1.2295,1.65,-0.77,2.42,1.49,68.26
2021-04-30,4181.17,18.61,0.77975,1.2917,1.203,1.3838,109.33,6.4749,20.169,1.2291,1.65,-0.76,2.41,1.49,67.73
2021-05-03,4192.66,18.31,0.78879,1.29675,1.2059,1.3913,109.08,6.4749,20.2,1.2275,1.63,-0.79,2.42,1.47,67.73
2021-05-04,4164.66,19.48,0.80082,1.29412,1.2014,1.3873,109.34,6.4749,20.256,1.232,1.61,-0.81,2.42,1.45,68.91
2021-05-05,4167.59,19.15,0.80613,1.29015,1.2003,1.3913,109.27,6.4749,20.216,1.2262,1.59,-0.88,2.47,1.43,69.71
2021-05-06,4201.62,18.39,0.80741,1.28261,1.2049,1.388,109.17,6.4635,20.177,1.2192,1.58,-0.87,2.45,1.42,68.62
2021-05-07,4232.6,16.69,0.80694,1.28848,1.2165,1.4,108.52,6.431,19.901,1.2137,1.6,-0.89,2.49,1.46,68.73
2021-05-10,4188.43,19.66,0.82329,1.27623,1.217,1.4153,108.7,6.4156,19.87,1.2085,1.63,-0.91,2.54,1.47,68.61
2021-05-11,4152.1,21.84,0.81735,1.28082,1.2169,1.4149,108.53,6.4285,19.855,1.2092,1.64,-0.89,2.53,1.48,68.83
2021-05-12,4063.04,27.59,0.82485,1.26809,1.2074,1.4081,109.53,6.4566,20.116,1.2104,1.69,-0.85,2.54,1.53,69.62
2021-05-13,4112.5,23.13,0.82841,1.27341,1.207,1.4033,109.56,6.4506,20.046,1.2147,1.66,-0.85,2.51,1.5,67.36
2021-05-14,4173.85,18.81,0.82175,1.28322,1.2141,1.4096,109.37,6.4367,19.86,1.2114,1.63,-0.88,2.51,1.47,69.24
2021-05-17,4163.29,19.72,0.82565,1.28977,1.2155,1.4127,109.17,6.4388,19.8,1.2073,1.64,-0.9,2.54,1.48,69.62
2021-05-18,4127.83,21.34,0.82448,1.29047,1.2203,1.4184,109.01,6.425,19.828,1.2061,1.64,-0.88,2.52,1.48,69.01
2021-05-19,4115.68,22.18,0.82107,1.28457,1.2216,1.4169,108.76,6.4342,19.8,1.2089,1.68,-0.8,2.48,1.52,66.88
2021-05-20,4159.12,20.67,0.81367,1.27718,1.2225,1.4182,108.79,6.4339,19.877,1.2049,1.63,-0.78,2.41,1.48,65.18
2021-05-21,4155.86,20.15,0.81932,1.28266,1.2178,1.4158,108.94,6.4339,19.94,1.2072,1.63,-0.8,2.43,1.46,66.72
2021-05-24,4197.05,18.4,0.81157,1.27588,1.221,1.4147,108.81,6.4177,19.863,1.2082,1.61,-0.83,2.44,1.46,68.59
2021-05-25,4188.13,18.84,0.80639,1.2657,1.2233,1.4123,108.95,6.41,19.888,1.2069,1.56,-0.86,2.42,1.41,68.8
2021-05-26,4195.99,17.36,0.80606,1.28486,1.2204,1.4129,109.1,6.3905,19.894,1.2111,1.58,-0.82,2.4,1.44,68.93
2021-05-27,4200.88,16.74,0.81097,1.29762,1.2194,1.4172,109.81,6.3824,19.97,1.2075,1.61,-0.81,2.42,1.47,69.43
2021-05-28,4204.11,16.76,0.81023,1.29421,1.2194,1.4188,109.83,6.3674,19.93,1.2087,1.58,-0.84,2.42,1.44,69.36
2021-05-31,4204.11,16.76,0.81023,1.29421,1.2194,1.4188,109.83,6.3674,19.93,1.2087,1.58,-0.84,2.42,1.44,69.36
2021-06-01,4202.04,17.9,0.81485,1.30996,1.2241,1.4168,109.43,6.3796,19.897,1.2031,1.62,-0.84,2.46,1.46,70.03
2021-06-02,4208.12,17.48,0.81621,1.30848,1.2213,1.4177,109.59,6.3805,19.895,1.2047,1.59,-0.85,2.44,1.46,70.6
2021-06-03,4192.85,18.04,0.82358,1.30448,1.2122,1.4099,110.28,6.4036,20.065,1.2116,1.63,-0.79,2.42,1.47,70.71
2021-06-04,4229.89,16.42,0.81637,1.29594,1.2173,1.4175,109.42,6.3945,19.927,1.2088,1.56,-0.84,2.4,1.42,71.3
2021-06-07,4226.52,16.42,0.81397,1.31004,1.22,1.4179,109.25,6.3963,19.78,1.2062,1.57,-0.82,2.39,1.41,70.89
2021-06-08,4227.26,17.07,0.81111,1.32266,1.218,1.4146,109.47,6.4,19.772,1.2101,1.53,-0.83,2.36,1.39,71.39
2021-06-09,4219.55,17.89,0.80978,1.3159,1.2184,1.4124,109.61,6.3865,19.686,1.2102,1.5,-0.82,2.32,1.34,71.31
2021-06-10,4239.18,16.1,0.80504,1.30147,1.2173,1.4165,109.49,6.3929,19.675,1.2095,1.45,-0.9,2.35,1.31,71.65
2021-06-11,4247.44,15.65,0.803,1.31077,1.2101,1.4114,109.75,6.3967,19.961,1.2162,1.47,-0.85,2.32,1.31,72.05
2021-06-14,4255.15,16.39,0.79414,1.30159,1.2126,1.4116,109.98,6.3979,19.915,1.2131,1.51,-0.85,2.36,1.35,72.27
2021-06-15,4246.59,17.02,0.79776,1.3029,1.212,1.4073,110.12,6.4052,20.169,1.2202,1.51,-0.87,2.38,1.35,73.38
2021-06-16,4223.7,18.15,0.79435,1.30537,1.2119,1.411,109.88,6.3969,20.044,1.2165,1.57,-0.75,2.32,1.36,73.88
2021-06-17,4221.86,17.75,0.77739,1.28646,1.1911,1.3916,110.28,6.4477,20.468,1.2353,1.52,-0.75,2.27,1.29,72.92
2021-06-18,4166.45,20.7,0.76868,1.2759,1.1872,1.3817,110.21,6.4525,20.671,1.2437,1.45,-0.79,2.24,1.19,73.1
2021-06-21,4224.79,17.89,0.77571,1.28633,1.1909,1.3915,110.22,6.4659,20.597,1.237,1.5,-0.75,2.25,1.23,74.49
2021-06-22,4246.44,16.66,0.76903,1.28115,1.191,1.3921,110.75,6.4811,20.583,1.2364,1.48,-0.83,2.31,1.23,74.92
2021-06-23,4241.84,16.32,0.76645,1.28491,1.195,1.3977,110.86,6.4727,20.26,1.2286,1.5,-0.84,2.34,1.24,75.22
2021-06-24,4266.49,15.97,0.76904,1.29205,1.1927,1.3907,110.91,6.4701,20.044,1.2337,1.49,-0.81,2.3,1.23,75.95
2021-06-25,4280.7,15.62,0.77258,1.29289,1.194,1.3899,110.78,6.4545,19.793,1.2293,1.54,-0.8,2.34,1.26,76.45
2021-06-28,4290.61,15.76,0.76391,1.27935,1.1938,1.3895,110.5,6.4555,19.78,1.2325,1.49,-0.84,2.33,1.24,74.78
2021-06-29,4291.8,16.02,0.7599,1.27299,1.1905,1.3845,110.53,6.4635,19.802,1.2378,1.49,-0.83,2.32,1.22,75.38
2021-06-30,4297.5,15.83,0.76456,1.27464,1.1848,1.3806,111.05,6.4566,19.906,1.2404,1.45,-0.87,2.32,1.2,76.94
2021-07-01,4319.94,15.48,0.76565,1.27823,1.1857,1.378,111.56,6.4679,19.987,1.2405,1.48,-0.87,2.35,1.23,76.69
2021-07-02,4352.34,15.07,0.75949,1.25911,1.1848,1.3795,111.28,6.4721,19.844,1.2346,1.44,-0.89,2.33,1.2,77.51
2021-07-05,4352.34,15.07,0.75949,1.25911,1.1848,1.3795,111.28,6.4721,19.844,1.2346,1.44,-0.89,2.33,1.2,78.34
2021-07-06,4343.54,16.44,0.7484,1.24341,1.1816,1.3792,110.66,6.4786,19.984,1.2466,1.37,-0.94,2.31,1.15,75.81
2021-07-07,4358.13,16.2,0.74731,1.23184,1.1803,1.3792,110.62,6.4718,19.987,1.2506,1.33,-0.95,2.28,1.11,74.31
2021-07-08,4320.82,19.0,0.74727,1.22908,1.184,1.3767,109.82,6.4898,19.965,1.2533,1.3,-0.92,2.22,1.11,75.07
2021-07-09,4369.55,16.18,0.75173,1.24302,1.1861,1.3842,110.18,6.4788,19.881,1.2476,1.37,-0.91,2.28,1.14,77.14
2021-07-12,4384.63,16.17,0.7529,1.24143,1.1858,1.3886,110.36,6.4751,19.844,1.2455,1.38,-0.95,2.33,1.15,76.77
2021-07-13,4369.21,17.12,0.74795,1.22339,1.1813,1.3847,110.36,6.4685,19.991,1.2511,1.42,-0.94,2.36,1.16,77.5
2021-07-14,4374.3,16.33,0.74748,1.2067,1.1826,1.3854,110.03,6.4688,19.892,1.2521,1.37,-0.97,2.34,1.14,75.74
2021-07-15,4360.03,17.01,0.7515,1.20422,1.1806,1.3849,110.05,6.46,19.928,1.2575,1.31,-1.01,2.32,1.08,74.53
2021-07-16,4327.16,18.45,0.75111,1.19754,1.181,1.3785,110.13,6.4785,19.838,1.2586,1.31,-1.02,2.33,1.06,74.46
2021-07-19,4258.49,22.5,0.74837,1.19575,1.1804,1.369,109.45,6.4893,20.0,1.2752,1.19,-1.05,2.24,0.98,69.33
2021-07-20,4323.06,19.73,0.74808,1.21252,1.1776,1.3615,109.92,6.4845,20.147,1.2724,1.23,-1.03,2.26,1.03,70.03
2021-07-21,4358.69,17.91,0.75003,1.22285,1.1799,1.3695,110.22,6.4664,20.153,1.2538,1.3,-0.98,2.28,1.08,72.54
2021-07-22,4367.48,17.69,0.74206,1.20377,1.1771,1.375,110.1,6.47,20.1934,1.2578,1.27,-1.01,2.28,1.07,74.25
2021-07-23,4411.79,17.2,0.73653,1.19894,1.1761,1.3749,110.52,6.4808,20.03,1.258,1.3,-1.05,2.35,1.08,74.86
2021-07-26,4422.3,17.58,0.73904,1.20073,1.181,1.3829,110.31,6.4825,20.01,1.254,1.29,-1.11,2.4,1.07,74.79
2021-07-27,4401.46,19.36,0.7453,1.19578,1.1831,1.3884,109.64,6.5104,19.975,1.2579,1.25,-1.13,2.38,1.05,74.87
2021-07-28,4400.64,18.31,0.74549,1.21062,1.1809,1.3884,110.06,6.4905,19.941,1.2563,1.26,-1.15,2.41,1.06,75.09
2021-07-29,4419.15,17.7,0.74944,1.21409,1.1886,1.3966,109.53,6.4562,19.859,1.2439,1.28,-1.15,2.43,1.08,76.3
2021-07-30,4395.26,18.24,0.75154,1.2147,1.1864,1.3913,109.7,6.4609,19.846,1.2466,1.24,-1.16,2.4,1.05,77.72
2021-08-02,4387.16,19.46,0.75001,1.21056,1.1873,1.3886,109.22,6.462,19.856,1.2501,1.2,-1.17,2.37,1.03,73.91
2021-08-03,4423.15,18.04,0.75277,1.20623,1.1859,1.3905,109.09,6.47,19.896,1.255,1.19,-1.19,2.38,1.02,73.24
2021-08-04,4402.66,17.97,0.74568,1.19596,1.1841,1.3912,109.44,6.4655,19.969,1.2551,1.19,-1.16,2.35,1.02,70.99
2021-08-05,4429.1,17.28,0.74642,1.20822,1.1838,1.3929,109.75,6.4608,19.9252,1.2487,1.23,-1.1,2.33,1.02,72.14
2021-08-06,4436.52,16.15,0.75149,1.21295,1.1761,1.3873,110.22,6.4825,20.018,1.2563,1.31,-1.06,2.37,1.1,71.02
2021-08-09,4432.35,16.72,0.75262,1.20711,1.1749,1.3852,110.25,6.4857,20.067,1.2571,1.33,-1.04,2.37,1.1,69.65
2021-08-10,4436.75,16.79,0.76095,1.21081,1.1722,1.384,110.54,6.4852,20.086,1.2531,1.36,-1.04,2.4,1.12,71.14
2021-08-11,4447.7,16.06,0.76459,1.21675,1.1737,1.3866,110.47,6.4783,19.956,1.2513,1.35,-1.07,2.42,1.12,71.99
2021-08-12,4460.83,15.59,0.76197,1.21039,1.1736,1.3833,110.36,6.4782,19.891,1.2518,1.36,-1.05,2.41,1.13,71.79
2021-08-13,4468.0,15.45,0.76119,1.20132,1.1796,1.3857,109.75,6.4768,19.862,1.2512,1.29,-1.08,2.37,1.06,70.9
2021-08-16,4479.71,16.12,0.75977,1.19059,1.1776,1.3849,109.26,6.4742,19.885,1.257,1.26,-1.1,2.36,1.05,70.07
2021-08-17,4448.08,17.91,0.7628,1.18447,1.1714,1.3739,109.59,6.4854,19.983,1.2622,1.26,-1.07,2.33,1.03,69.4
2021-08-18,4400.27,21.57,0.76079,1.1873,1.1702,1.3749,109.92,6.4841,20.011,1.2638,1.27,-1.05,2.32,1.04,68.61
2021-08-19,4405.8,21.67,0.75464,1.17191,1.1693,1.3673,109.75,6.4942,20.111,1.279,1.24,-1.04,2.28,1.02,66.8
2021-08-20,4441.67,18.56,0.75082,1.17957,1.169,1.3625,109.77,6.5012,20.425,1.2853,1.26,-1.01,2.27,1.03,65.51
2021-08-23,4479.53,17.15,0.74703,1.18702,1.1732,1.3717,109.78,6.4805,20.364,1.2666,1.25,-1.02,2.27,1.02,69.07
2021-08-24,4486.23,17.22,0.74613,1.19812,1.1746,1.3716,109.68,6.471,20.318,1.2615,1.29,-1.01,2.3,1.05,71.21
2021-08-25,4496.19,16.79,0.74793,1.20015,1.1758,1.3723,110.03,6.4756,20.266,1.2624,1.35,-1.0,2.35,1.12,72.12
2021-08-26,4470.0,18.84,0.74764,1.19502,1.1761,1.3712,110.09,6.4809,20.357,1.2654,1.34,-0.99,2.33,1.09,70.42
2021-08-27,4509.37,16.39,0.74553,1.21457,1.1794,1.3769,109.84,6.4711,20.202,1.2613,1.31,-1.08,2.39,1.09,72.26
2021-08-30,4528.79,16.19,0.73665,1.203,1.1795,1.3758,109.91,6.4658,20.127,1.2606,1.29,-1.08,2.37,1.09,72.26
2021-08-31,4522.68,16.48,0.73831,1.2074,1.18,1.3747,110.05,6.4604,20.074,1.2629,1.3,-1.03,2.33,1.1,73.45
2021-09-01,4524.09,16.11,0.73495,1.21239,1.185,1.379,110.03,6.4586,19.964,1.2615,1.31,-1.03,2.34,1.11,71.99
2021-09-02,4536.95,16.41,0.73959,1.21762,1.1858,1.3825,110.01,6.456,19.967,1.2559,1.29,-1.03,2.32,1.09,73.56
2021-09-03,4535.43,16.41,0.73591,1.21216,1.1884,1.3862,109.64,6.4528,19.889,1.2524,1.33,-1.01,2.34,1.12,73.07
2021-09-06,4535.43,16.41,0.73591,1.21216,1.1884,1.3862,109.64,6.4528,19.889,1.2524,1.33,-1.01,2.34,1.12,72.43
2021-09-07,4520.03,18.14,0.7287,1.20698,1.1849,1.3792,110.17,6.4662,19.944,1.2622,1.38,-0.98,2.36,1.16,71.52
2021-09-08,4514.07,17.96,0.7312,1.19855,1.1818,1.3761,110.32,6.4612,19.937,1.2681,1.35,-1.03,2.38,1.13,72.36
2021-09-09,4493.28,18.8,0.73102,1.20448,1.1827,1.3855,109.76,6.4547,19.93,1.2648,1.3,-1.08,2.38,1.07,71.32
2021-09-10,4458.58,20.95,0.73371,1.2023,1.1821,1.3847,109.93,6.444,19.864,1.2636,1.35,-1.05,2.4,1.12,72.44
2021-09-13,4468.73,19.37,0.73759,1.2079,1.1809,1.3844,109.94,6.4511,19.868,1.2643,1.33,-1.04,2.37,1.12,72.97
2021-09-14,4443.05,19.46,0.73217,1.19886,1.1824,1.3848,109.66,6.4382,19.898,1.2663,1.28,-1.05,2.33,1.07,73.05
2021-09-15,4480.7,18.18,0.73357,1.2026,1.1811,1.3837,109.4,6.432,19.898,1.2653,1.31,-1.04,2.35,1.1,74.84
2021-09-16,4473.75,18.69,0.73038,1.20231,1.1764,1.3785,109.67,6.4566,19.937,1.2679,1.34,-1.01,2.35,1.11,75.14
2021-09-17,4432.99,20.81,0.73224,1.21117,1.1734,1.3755,109.94,6.4655,19.9841,1.2738,1.37,-0.96,2.33,1.14,74.64
2021-09-20,4357.73,25.71,0.7352,1.20742,1.1729,1.3656,109.47,6.4651,20.161,1.2818,1.31,-0.98,2.29,1.08,73.59
2021-09-21,4354.19,24.36,0.73112,1.20903,1.1724,1.3663,109.33,6.4651,20.117,1.2789,1.33,-0.96,2.29,1.11,73.65
2021-09-22,4395.64,20.87,0.73075,1.21474,1.1739,1.3669,109.59,6.4611,20.013,1.2733,1.32,-0.96,2.28,1.07,75.5
2021-09-23,4448.98,18.63,0.7327,1.22033,1.1735,1.3745,110.17,6.459,20.025,1.2662,1.41,-0.9,2.31,1.14,76.44
2021-09-24,4455.48,17.75,0.73191,1.21441,1.1715,1.3681,110.72,6.466,20.094,1.2672,1.47,-0.87,2.34,1.18,77.42
2021-09-27,4443.11,18.76,0.73973,1.23378,1.1702,1.3712,110.97,6.456,20.0935,1.2643,1.48,-0.87,2.35,1.17,78.85
2021-09-28,4352.63,23.25,0.75136,1.23576,1.1681,1.3537,111.33,6.4595,20.331,1.2692,1.54,-0.84,2.38,1.23,78.3
2021-09-29,4359.46,22.56,0.75479,1.23284,1.1612,1.3439,111.83,6.4702,20.491,1.275,1.55,-0.82,2.37,1.25,77.86
2021-09-30,4307.54,23.14,0.75028,1.23125,1.1577,1.347,111.5,6.4434,20.562,1.2673,1.52,-0.85,2.37,1.24,77.81
2021-10-01,4357.04,21.15,0.75165,1.23779,1.1598,1.3572,110.97,6.4434,20.491,1.2657,1.48,-0.9,2.38,1.21,79.4
2021-10-04,4300.46,22.96,0.76578,1.2434,1.1622,1.3602,110.94,6.4434,20.534,1.2571,1.49,-0.89,2.38,1.22,81.44
2021-10-05,4345.72,21.3,0.76094,1.23463,1.1609,1.364,111.39,6.4434,20.562,1.2562,1.54,-0.91,2.45,1.26,82.72
2021-10-06,4363.55,21.0,0.75795,1.22319,1.1546,1.3569,111.33,6.4434,20.646,1.2612,1.53,-0.9,2.43,1.23,81.39
2021-10-07,4399.76,19.54,0.75532,1.22966,1.1561,1.3634,111.5,6.4434,20.593,1.2546,1.58,-0.88,2.46,1.26,82.34
2021-10-08,4391.34,18.77,0.75726,1.22441,1.1572,1.363,112.15,6.4435,20.746,1.2477,1.61,-0.89,2.5,1.29,82.17
2021-10-11,4361.19,20.0,0.75669,1.22434,1.1572,1.363,112.15,6.4435,20.746,1.2477,1.61,-0.89,2.5,1.29,83.75
2021-10-12,4350.65,19.85,0.75616,1.23386,1.1541,1.3605,113.69,6.4485,20.768,1.2439,1.59,-0.9,2.49,1.24,83.53
2021-10-13,4363.8,18.64,0.75239,1.2326,1.1568,1.3645,113.49,6.4262,20.648,1.2448,1.56,-0.96,2.52,1.19,83.53
2021-10-14,4438.26,16.86,0.74992,1.2297,1.1591,1.3684,113.59,6.438,20.592,1.2362,1.52,-1.0,2.52,1.16,83.86
2021-10-15,4471.37,16.3,0.74743,1.21744,1.1594,1.3756,114.31,6.434,20.452,1.2387,1.59,-0.97,2.56,1.18,84.67
2021-10-18,4486.46,16.31,0.73913,1.21386,1.1609,1.3726,114.22,6.429,20.316,1.2362,1.59,-0.95,2.54,1.15,84.13
2021-10-19,4519.63,15.7,0.73977,1.20861,1.1632,1.3807,114.27,6.3822,20.267,1.2354,1.65,-0.89,2.54,1.24,85.02
2021-10-20,4536.19,15.49,0.74667,1.21266,1.1643,1.3821,114.24,6.3936,20.169,1.2328,1.65,-0.92,2.57,1.25,85.76
2021-10-21,4549.78,15.01,0.73921,1.21137,1.1643,1.3812,113.75,6.3925,20.269,1.2339,1.68,-0.96,2.64,1.23,84.58
2021-10-22,4544.9,15.43,0.74489,1.21402,1.1632,1.3741,113.54,6.3839,20.212,1.2385,1.66,-0.98,2.64,1.18,85.43
2021-10-25,4566.48,15.24,0.73958,1.21663,1.1609,1.3773,113.7,6.3856,20.211,1.2373,1.64,-1.02,2.66,1.17,84.85
2021-10-26,4574.79,15.98,0.73834,1.2065,1.159,1.3772,114.19,6.382,20.219,1.2388,1.63,-1.06,2.69,1.16,85.11
2021-10-27,4551.68,16.98,0.7283,1.19054,1.16,1.3739,113.75,6.3915,20.22,1.2337,1.54,-1.11,2.65,1.04,84.12
2021-10-28,4596.42,16.53,0.72678,1.19915,1.1685,1.3804,113.38,6.3917,20.332,1.2348,1.57,-1.0,2.57,1.07,83.4
2021-10-29,4605.38,16.26,0.72289,1.19609,1.1552,1.3686,114.03,6.405,20.551,1.2397,1.55,-0.96,2.51,1.07,83.1
2021-11-01,4613.67,16.41,0.72745,1.22212,1.1591,1.3679,114.19,6.3972,20.851,1.2355,1.58,-0.92,2.5,1.08,84.51
2021-11-02,4630.65,16.03,0.72873,1.21945,1.1581,1.3612,113.78,6.3995,20.75,1.242,1.56,-0.95,2.51,1.1,84.42
2021-11-03,4660.57,15.1,0.72663,1.23084,1.1584,1.3659,114.06,6.4061,20.827,1.2416,1.6,-0.93,2.53,1.13,81.1
2021-11-04,4680.06,15.44,0.71865,1.22287,1.1546,1.3494,113.63,6.397,20.629,1.2462,1.53,-1.03,2.56,1.12,80.15
2021-11-05,4697.53,16.48,0.72263,1.23581,1.1554,1.3491,113.45,6.3961,20.425,1.2439,1.45,-1.09,2.54,1.06,82.43
2021-11-08,4701.7,17.22,0.72202,1.23593,1.159,1.3563,113.15,6.3902,20.336,1.2441,1.51,-1.11,2.62,1.06,83.22
2021-11-09,4685.25,17.78,0.72592,1.23453,1.1589,1.3551,112.87,6.3916,20.28,1.2457,1.46,-1.17,2.63,1.05,84.52
2021-11-10,4646.71,18.73,0.73521,1.23076,1.1517,1.347,113.89,6.3882,20.468,1.2447,1.56,-1.14,2.7,1.05,82.91
2021-11-11,4649.27,17.66,0.73415,1.23771,1.1517,1.347,113.89,6.3882,20.468,1.2447,1.56,-1.14,2.7,1.05,83.4
2021-11-12,4682.85,16.29,0.72705,1.23057,1.1443,1.3412,113.9,6.3787,20.519,1.2558,1.58,-1.15,2.73,1.05,82.9
2021-11-15,4682.8,16.49,0.73005,1.22879,1.1421,1.3444,113.96,6.3824,20.627,1.2515,1.63,-1.13,2.76,1.1,81.94
2021-11-16,4700.9,16.37,0.72294,1.2248,1.1333,1.3429,114.62,6.3919,20.823,1.2562,1.63,-1.1,2.73,1.09,82.85
2021-11-17,4688.67,17.11,0.72207,1.21516,1.1322,1.3488,114.33,6.3775,20.691,1.2594,1.6,-1.1,2.7,1.08,80.67
2021-11-18,4704.54,17.59,0.71378,1.20528,1.1358,1.3489,114.22,6.3851,20.727,1.2629,1.59,-1.14,2.73,1.07,82.45
2021-11-19,4697.96,17.91,0.7055,1.19631,1.1318,1.3474,113.81,6.3863,20.799,1.2631,1.54,-1.11,2.65,1.02,80.24
2021-11-22,4682.94,19.17,0.71636,1.19791,1.126,1.3412,114.69,6.3842,20.972,1.2684,1.63,-0.98,2.61,1.0,80.97
2021-11-23,4690.7,19.38,0.72266,1.19587,1.1265,1.3388,114.98,6.391,21.239,1.2712,1.67,-0.95,2.62,1.07,83.43
2021-11-24,4701.46,18.58,0.71876,1.19427,1.1196,1.3332,115.34,6.3917,21.397,1.2657,1.64,-0.97,2.61,1.0,82.37
2021-11-25,4701.46,18.58,0.71876,1.19427,1.1196,1.3332,115.34,6.3917,21.397,1.2657,1.64,-0.97,2.61,1.0,82.05
2021-11-26,4594.62,28.62,0.71852,1.17931,1.1302,1.3322,113.46,6.3924,21.853,1.2756,1.48,-1.07,2.55,0.98,72.37
2021-11-29,4655.27,22.96,0.70803,1.16358,1.1261,1.3291,113.75,6.3875,21.73,1.2792,1.52,-1.02,2.54,1.01,73.34
2021-11-30,4567.0,27.19,0.70183,1.16172,1.1287,1.3252,113.22,6.364,21.453,1.2812,1.43,-1.07,2.5,0.91,70.86
2021-12-01,4513.04,31.12,0.70792,1.15407,1.1323,1.3308,112.82,6.3641,21.305,1.2778,1.43,-1.01,2.44,0.87,69.53
2021-12-02,4577.1,27.95,0.71552,1.16805,1.1306,1.3305,113.1,6.3763,21.309,1.2814,1.44,-1.03,2.47,0.81,70.56
2021-12-03,4538.43,30.67,0.72685,1.15829,1.1308,1.3234,112.88,6.3758,21.439,1.2833,1.35,-1.08,2.43,0.75,70.71
2021-12-06,4591.67,27.18,0.72884,1.16802,1.1282,1.3252,113.31,6.3756,21.222,1.2785,1.43,-1.01,2.44,0.78,73.38
2021-12-07,4686.75,21.89,0.71649,1.16722,1.1247,1.3236,113.61,6.3657,21.047,1.2651,1.48,-0.99,2.47,0.78,75.54
2021-12-08,4701.21,19.9,0.7117,1.1708,1.133,1.3236,113.83,6.3435,20.959,1.2653,1.52,-1.0,2.52,0.84,75.94
2021-12-09,4667.45,21.58,0.71743,1.15791,1.1285,1.3188,113.53,6.3772,21.012,1.2698,1.49,-0.98,2.47,0.79,74.1
2021-12-10,4712.02,18.69,0.71355,1.14541,1.1312,1.3262,113.36,6.3685,20.873,1.2706,1.48,-0.96,2.44,0.81,74.98
2021-12-13,4668.97,20.31,0.71959,1.14109,1.1298,1.3233,113.42,6.3659,20.954,1.2795,1.42,-0.98,2.4,0.76,74.12
2021-12-14,4634.09,21.89,0.72572,1.14092,1.1267,1.3225,113.63,6.3671,21.198,1.2858,1.44,-0.93,2.37,0.77,73.37
2021-12-15,4709.85,19.29,0.71814,1.13757,1.1261,1.3214,113.83,6.3673,21.23,1.2916,1.47,-0.92,2.39,0.78,73.71
2021-12-16,4668.67,20.57,0.73663,1.13077,1.1309,1.3325,113.67,6.3674,20.872,1.2772,1.44,-0.98,2.42,0.8,74.64
2021-12-17,4620.64,21.57,0.73071,1.14648,1.1277,1.3269,113.56,6.3748,20.731,1.283,1.41,-0.97,2.38,0.75,72.97
2021-12-20,4568.02,22.87,0.73326,1.14064,1.1298,1.3222,113.45,6.3756,20.738,1.2941,1.43,-0.96,2.39,0.78,70.51
2021-12-21,4649.23,21.01,0.72559,1.15299,1.1272,1.3253,114.11,6.3716,20.806,1.2927,1.48,-0.96,2.44,0.78,72.85
2021-12-22,4696.56,18.63,0.72124,1.15165,1.1324,1.3345,114.22,6.3695,20.749,1.2844,1.46,-1.01,2.47,0.78,74.69
2021-12-23,4725.79,17.96,0.72032,1.154,1.132,1.341,114.42,6.3696,20.648,1.2809,1.5,-0.97,2.47,0.79,76.26
2021-12-24,4725.79,17.96,0.72032,1.154,1.132,1.341,114.42,6.3696,20.648,1.2809,1.5,-0.97,2.47,0.79,75.24
2021-12-27,4791.19,17.68,0.71736,1.15126,1.1329,1.3438,114.85,6.3705,20.676,1.2797,1.48,-1.02,2.5,0.72,75.24
2021-12-28,4786.35,17.54,0.72188,1.14848,1.1314,1.3432,114.75,6.3684,20.581,1.2814,1.49,-1.01,2.5,0.75,75.24
2021-12-29,4793.06,16.95,0.72318,1.14897,1.1337,1.3475,114.97,6.368,20.583,1.281,1.55,-0.98,2.53,0.8,78.63
2021-12-30,4778.73,17.33,0.72515,1.15095,1.1318,1.35,115.17,6.3726,20.514,1.2777,1.52,-1.06,2.58,0.79,78.61
2021-12-31,4766.18,17.22,0.7301,1.15348,1.1318,1.35,115.17,6.3726,20.514,1.2777,1.52,-1.04,2.56,0.79,77.24
2022-01-03,4796.56,16.6,0.72636,1.15755,1.129,1.3469,115.27,6.355,20.57,1.2757,1.63,-0.97,2.6,0.85,78.25
2022-01-04,4793.54,16.91,0.74073,1.16161,1.1296,1.3544,116.12,6.3721,20.501,1.2697,1.66,-0.91,2.57,0.89,79.39
2022-01-05,4700.58,19.73,0.759,1.15143,1.1335,1.3573,115.91,6.364,20.439,1.27,1.71,-0.82,2.53,0.88,80.6
2022-01-06,4696.05,19.61,0.76455,1.15907,1.1307,1.3539,115.78,6.3822,20.435,1.2725,1.73,-0.73,2.46,0.85,81.99
2022-01-07,4677.03,18.76,0.7745,1.15259,1.1358,1.3583,115.61,6.3769,20.397,1.2643,1.76,-0.72,2.48,0.89,82.28
2022-01-10,4670.29,19.4,0.77272,1.14895,1.1328,1.3567,115.14,6.3756,20.455,1.2679,1.78,-0.7,2.48,0.86,81.56
2022-01-11,4713.07,18.41,0.76836,1.15027,1.1363,1.3622,115.38,6.3735,20.353,1.2598,1.75,-0.79,2.54,0.85,84.98
2022-01-12,4726.35,17.62,0.765,1.14127,1.1431,1.3698,114.74,6.358,20.367,1.2501,1.74,-0.74,2.48,0.82,85.83
2022-01-13,4659.03,20.31,0.78191,1.1517,1.1464,1.3724,114.06,6.3595,20.36,1.2482,1.7,-0.73,2.43,0.79,85.8
2022-01-14,4662.85,19.19,0.7781,1.15049,1.1414,1.367,113.89,6.3524,20.316,1.2549,1.78,-0.66,2.44,0.79,87.17
2022-01-17,4662.85,19.19,0.7781,1.15049,1.1414,1.367,113.89,6.3524,20.316,1.2549,1.78,-0.66,2.44,0.79,87.82
2022-01-18,4577.11,22.79,0.78599,1.14138,1.1336,1.3588,114.6,6.3525,20.378,1.2535,1.87,-0.59,2.46,0.81,88.83
2022-01-19,4532.76,23.85,0.78734,1.1356,1.1346,1.3625,114.28,6.3447,20.47,1.2499,1.83,-0.57,2.4,0.79,89.64
2022-01-20,4482.73,25.59,0.78926,1.12775,1.1336,1.3642,114.08,6.3406,20.423,1.2462,1.83,-0.5,2.33,0.75,89.75
2022-01-21,4397.94,28.85,0.8016,1.12952,1.1346,1.3562,113.72,6.3385,20.468,1.2542,1.75,-0.59,2.34,0.74,89.75
2022-01-24,4410.13,29.9,0.79698,1.14831,1.131,1.3447,113.82,6.3304,20.659,1.2688,1.75,-0.63,2.38,0.76,87.74
2022-01-25,4356.45,31.16,0.81316,1.14631,1.1283,1.3495,113.88,6.3257,20.677,1.2637,1.78,-0.63,2.41,0.76,89.49
2022-01-26,4349.93,31.96,0.80632,1.13509,1.1279,1.3516,114.33,6.3206,20.648,1.2597,1.85,-0.53,2.38,0.72,91.22
2022-01-27,4326.51,30.49,0.8108,1.11889,1.1141,1.3385,115.47,6.3677,20.76,1.2709,1.81,-0.59,2.4,0.63,90.7
2022-01-28,4431.85,27.66,0.79434,1.1104,1.116,1.3417,115.21,6.3605,20.834,1.2753,1.78,-0.66,2.44,0.63,91.47
2022-01-31,4515.55,24.83,0.78094,1.11794,1.1212,1.3439,115.22,6.361,20.637,1.2694,1.79,-0.65,2.44,0.61,92.35
2022-02-01,4546.54,21.96,0.78085,1.12195,1.1239,1.3505,114.77,6.361,20.569,1.2688,1.81,-0.62,2.43,0.63,90.24
2022-02-02,4589.38,22.09,0.78089,1.10517,1.1299,1.3565,114.36,6.361,20.5898,1.2689,1.78,-0.63,2.41,0.62,91.43
2022-02-03,4477.44,24.35,0.79992,1.11304,1.1425,1.3602,114.88,6.361,20.554,1.2679,1.82,-0.56,2.38,0.63,92.99
2022-02-04,4500.53,23.22,0.78752,1.11118,1.1455,1.3543,115.22,6.361,20.718,1.2759,1.93,-0.48,2.41,0.62,96.86
2022-02-07,4483.87,22.86,0.79453,1.119,1.1434,1.3533,115.09,6.361,20.644,1.2685,1.92,-0.48,2.4,0.62,97.28
2022-02-08,4521.54,21.44,0.7904,1.12854,1.1416,1.3552,115.62,6.366,20.636,1.2709,1.96,-0.46,2.42,0.61,96.07
2022-02-09,4587.18,19.96,0.7838,1.1313,1.1435,1.354,115.44,6.3619,20.5,1.2675,1.94,-0.48,2.42,0.58,94.95
2022-02-10,4504.08,23.91,0.78963,1.13603,1.1487,1.3636,115.84,6.3526,20.433,1.2647,2.03,-0.42,2.45,0.42,96.37
2022-02-11,4418.64,27.36,0.80308,1.14576,1.1404,1.3601,115.91,6.354,20.406,1.2678,1.92,-0.51,2.43,0.42,97.5
2022-02-14,4401.67,28.33,0.79773,1.14376,1.1306,1.3516,115.72,6.3567,20.402,1.2732,1.98,-0.5,2.48,0.4,101.66
2022-02-15,4471.07,25.7,0.78954,1.15447,1.1363,1.3539,115.64,6.3385,20.363,1.2742,2.05,-0.43,2.48,0.47,98.43
2022-02-16,4475.01,24.29,0.79156,1.15629,1.1381,1.3585,115.41,6.3366,20.312,1.2687,2.03,-0.43,2.46,0.51,97.44
2022-02-17,4380.26,28.11,0.80383,1.15366,1.1364,1.3624,115.03,6.3381,20.285,1.2696,1.97,-0.46,2.43,0.48,95.28
2022-02-18,4348.87,27.75,0.80957,1.15385,1.1327,1.3585,115.08,6.3251,20.299,1.2748,1.92,-0.49,2.41,0.45,96.18
2022-02-21,4348.87,27.75,0.80957,1.15385,1.1327,1.3585,115.08,6.3251,20.299,1.2748,1.92,-0.49,2.41,0.45,98.95
2022-02-22,4304.76,28.81,0.81427,1.14965,1.1342,1.3597,114.94,6.326,20.282,1.2736,1.94,-0.51,2.45,0.38,98.73
2022-02-23,4225.5,31.02,0.82424,1.15107,1.1316,1.3555,115.12,6.3134,20.245,1.2717,1.99,-0.54,2.53,0.41,99.29
2022-02-24,4288.7,30.32,0.79769,1.15617,1.1154,1.336,115.45,6.3283,20.643,1.284,1.96,-0.59,2.55,0.42,101.29
2022-02-25,4384.65,27.59,0.80649,1.15854,1.1261,1.3407,115.62,6.3169,20.415,1.274,1.97,-0.57,2.54,0.42,98.56
2022-02-28,4373.94,30.15,0.79842,1.1628,1.1224,1.3419,115.11,6.3084,20.403,1.2662,1.83,-0.79,2.62,0.39,103.08
2022-03-01,4306.26,33.32,0.79612,1.15882,1.1103,1.3318,114.87,6.3116,20.579,1.2709,1.72,-0.9,2.62,0.41,110.93
2022-03-02,4386.54,30.74,0.79932,1.16658,1.1102,1.3365,115.59,6.321,20.619,1.2657,1.86,-0.85,2.71,0.36,118.94
2022-03-03,4363.49,30.48,0.81106,1.16133,1.1053,1.3326,115.67,6.3195,20.714,1.2675,1.86,-0.83,2.69,0.33,115.36
2022-03-04,4328.87,31.98,0.8207,1.15312,1.0912,1.3214,114.65,6.3188,20.936,1.276,1.74,-0.93,2.67,0.24,123.86
2022-03-07,4201.09,36.45,0.83385,1.15635,1.086,1.3115,115.41,6.3194,21.236,1.2772,1.78,-0.99,2.77,0.23,129.02
2022-03-08,4170.7,35.13,0.83263,1.17131,1.0881,1.3101,115.64,6.3178,21.396,1.2893,1.86,-1.04,2.9,0.23,133.18
2022-03-09,4277.88,32.45,0.81477,1.17159,1.1069,1.316,115.87,6.3174,20.952,1.2812,1.94,-0.9,2.84,0.26,116.58
2022-03-10,4259.52,30.23,0.81981,1.17575,1.1007,1.3108,116.05,6.3212,20.974,1.2772,1.98,-0.88,2.86,0.26,114.54
2022-03-11,4204.31,30.75,0.82843,1.17678,1.0937,1.3063,117.08,6.3389,20.964,1.2723,2.0,-0.94,2.94,0.25,118.11
2022-03-14,4173.11,31.77,0.84002,1.16753,1.0979,1.3044,118.0,6.3645,20.906,1.2774,2.14,-0.79,2.93,0.27,110.39
2022-03-15,4262.45,29.83,0.82598,1.15941,1.0974,1.3065,118.19,6.3696,20.885,1.2806,2.15,-0.69,2.84,0.3,105.14
2022-03-16,4357.86,26.67,0.81174,1.16644,1.0996,1.3096,118.48,6.351,20.728,1.2742,2.19,-0.61,2.8,0.24,104.61
2022-03-17,4411.67,25.67,0.80938,1.16784,1.111,1.3159,118.45,6.3459,20.551,1.2637,2.2,-0.71,2.91,0.26,113.5
2022-03-18,4463.12,23.87,0.79723,1.16365,1.1044,1.3169,119.17,6.3609,20.404,1.2633,2.14,-0.72,2.86,0.17,114.32
2022-03-21,4461.18,23.53,0.80001,1.15528,1.1048,1.3201,119.15,6.3552,20.286,1.258,2.32,-0.58,2.9,0.18,122.29
2022-03-22,4511.61,22.94,0.79145,1.15273,1.1022,1.3258,120.66,6.366,20.265,1.2604,2.38,-0.53,2.91,0.2,121.53
2022-03-23,4456.24,23.57,0.79454,1.14655,1.1001,1.3212,121.02,6.372,20.17,1.2555,2.32,-0.62,2.94,0.19,127.52
2022-03-24,4520.16,21.67,0.78747,1.14306,1.1006,1.3183,122.08,6.367,20.12,1.2532,2.34,-0.58,2.92,0.21,123.98
2022-03-25,4543.06,20.81,0.7954,1.14162,1.0985,1.3193,121.98,6.3658,19.94,1.2512,2.48,-0.47,2.95,0.18,122.67
2022-03-28,4575.52,19.63,0.78436,1.13073,1.0977,1.3091,123.25,6.3714,20.14,1.255,2.46,-0.49,2.95,0.11,114.5
2022-03-29,4631.6,18.9,0.78023,1.14398,1.1104,1.3125,122.61,6.3635,20.012,1.2513,2.41,-0.45,2.86,0.06,112.79
2022-03-30,4602.45,19.33,0.78564,1.13312,1.1163,1.3149,121.97,6.347,19.833,1.2495,2.35,-0.51,2.86,0.04,115.59
2022-03-31,4530.41,20.56,0.78779,1.13799,1.1093,1.3152,121.44,6.3393,19.911,1.2482,2.32,-0.52,2.84,0.04,107.29
2022-04-01,4545.86,19.63,0.78787,1.14424,1.1043,1.3114,122.6,6.3625,19.837,1.2507,2.39,-0.41,2.8,-0.05,106.13
2022-04-04,4582.64,18.57,0.77379,1.13575,1.0992,1.3116,122.7,6.3619,19.745,1.2491,2.42,-0.38,2.8,-0.01,108.15
2022-04-05,4525.12,21.03,0.78164,1.12731,1.0921,1.3101,123.48,6.3619,19.932,1.2452,2.54,-0.3,2.84,0.03,106.6
2022-04-06,4481.15,22.1,0.80017,1.12389,1.0913,1.3082,123.7,6.359,20.045,1.2502,2.61,-0.22,2.83,0.11,100.81
2022-04-07,4500.21,21.55,0.80094,1.11567,1.09,1.306,123.8,6.36,20.16,1.2592,2.66,-0.16,2.82,0.19,99.83
2022-04-08,4488.28,21.16,0.81182,1.11387,1.0874,1.3032,124.31,6.3643,20.077,1.2577,2.72,-0.15,2.87,0.19,101.26
2022-04-11,4412.53,24.37,0.82359,1.12689,1.0875,1.3033,125.55,6.3692,20.01,1.2622,2.79,-0.12,2.91,0.29,97.92
2022-04-12,4397.45,24.26,0.826,1.13329,1.0852,1.3031,125.25,6.3651,19.841,1.2609,2.72,-0.14,2.86,0.33,104.42
2022-04-13,4446.59,21.82,0.81761,1.14038,1.0874,1.3072,125.51,6.3678,19.802,1.2595,2.7,-0.1,2.8,0.33,108.49
2022-04-14,4392.59,22.7,0.83146,1.14543,1.0796,1.3052,125.92,6.3775,19.99,1.2628,2.83,-0.06,2.89,0.36,110.83
2022-04-15,4392.59,22.7,0.83146,1.14543,1.0812,1.3066,126.31,6.3705,19.953,1.2613,2.83,-0.06,2.89,0.36,110.83
2022-04-18,4391.69,22.17,0.83067,1.14001,1.0785,1.3019,126.77,6.363,19.9311,1.262,2.85,-0.07,2.92,0.39,110.83
2022-04-19,4462.21,21.37,0.82473,1.14456,1.0789,1.3009,128.55,6.393,20.05,1.2618,2.93,0.0,2.93,0.32,105.49
2022-04-20,4459.45,20.32,0.83809,1.15142,1.0857,1.3055,127.76,6.4188,19.999,1.249,2.85,-0.07,2.92,0.25,105.05
2022-04-21,4393.66,22.68,0.84785,1.14443,1.0839,1.3042,128.62,6.45,20.165,1.2526,2.9,-0.12,3.02,0.22,107.2
2022-04-22,4271.78,28.21,0.85161,1.14665,1.079,1.2848,128.78,6.501,20.312,1.2716,2.9,-0.08,2.98,0.18,105.15
2022-04-25,4296.12,27.02,0.84286,1.14878,1.0703,1.2698,127.66,6.5585,20.256,1.2775,2.81,-0.1,2.91,0.18,99.27
2022-04-26,4175.2,33.52,0.8591,1.14582,1.0661,1.2617,127.37,6.5552,20.434,1.2796,2.77,-0.08,2.85,0.23,102.89
2022-04-27,4183.96,31.6,0.85765,1.14134,1.0549,1.2547,128.44,6.5595,20.448,1.283,2.82,-0.06,2.88,0.24,103.3
2022-04-28,4287.5,29.99,0.84344,1.13393,1.05,1.2443,130.94,6.6243,20.561,1.2831,2.85,-0.12,2.97,0.22,105.78
2022-04-29,4131.93,33.4,0.85429,1.14496,1.0537,1.2565,129.84,6.608,20.359,1.2802,2.89,0.01,2.88,0.19,108.36
2022-05-02,4155.38,32.34,0.84515,1.14811,1.0521,1.2523,130.18,6.6079,20.431,1.2884,2.99,0.18,2.81,0.26,108.36
2022-05-03,4175.48,29.25,0.84951,1.15166,1.0532,1.251,130.09,6.6079,20.346,1.2837,2.97,0.14,2.83,0.19,104.94
2022-05-04,4300.17,25.42,0.84479,1.14718,1.0539,1.2487,129.97,6.6079,20.226,1.2817,2.93,0.07,2.86,0.27,110.53
2022-05-05,4146.87,31.2,0.86664,1.14661,1.0507,1.2334,130.41,6.6535,20.291,1.2849,3.05,0.18,2.87,0.34,112.11
2022-05-06,4123.34,30.19,0.87359,1.13564,1.0572,1.2344,130.35,6.6651,20.111,1.289,3.12,0.26,2.86,0.4,113.86
2022-05-09,3991.24,34.75,0.89021,1.12769,1.0559,1.2335,130.37,6.7295,20.302,1.2962,3.05,0.3,2.75,0.44,106.67
2022-05-10,4001.05,32.99,0.8779,1.11973,1.0531,1.2313,130.21,6.7343,20.403,1.303,2.99,0.34,2.65,0.37,102.61
2022-05-11,3935.18,32.56,0.89712,1.11551,1.0537,1.2317,130.2,6.7186,20.254,1.2943,2.91,0.21,2.7,0.25,107.7
2022-05-12,3930.08,31.77,0.90229,1.12961,1.0376,1.2198,128.1,6.786,20.306,1.3055,2.84,0.25,2.59,0.28,108.06
2022-05-13,4023.89,28.87,0.88659,1.13597,1.041,1.2242,129.23,6.788,20.127,1.2929,2.93,0.24,2.69,0.32,112.12
2022-05-16,4008.01,27.47,0.89759,1.13655,1.042,1.227,129.15,6.7852,20.057,1.2883,2.88,0.2,2.68,0.3,114.86
2022-05-17,4088.85,26.1,0.89035,1.14845,1.0532,1.2468,129.31,6.7361,19.973,1.2839,2.98,0.27,2.71,0.27,112.89
2022-05-18,3923.68,30.96,0.90238,1.1545,1.0494,1.2396,128.22,6.754,19.993,1.2838,2.89,0.17,2.72,0.21,110.04
2022-05-19,3900.79,29.35,0.89593,1.15968,1.0587,1.2504,127.62,6.7109,19.925,1.2821,2.84,0.25,2.59,0.21,113.22
2022-05-20,3901.36,29.43,0.90013,1.1574,1.0559,1.2492,127.86,6.6921,19.863,1.2837,2.78,0.23,2.55,0.18,113.63
2022-05-23,3973.75,28.48,0.89809,1.14916,1.0668,1.2571,127.78,6.649,19.828,1.2784,2.86,0.26,2.6,0.21,115.13
2022-05-24,3941.48,29.45,0.91883,1.14368,1.0744,1.2544,126.56,6.653,19.879,1.284,2.76,0.21,2.55,0.26,115.77
2022-05-25,3978.73,28.37,0.91398,1.15397,1.0658,1.2539,127.31,6.6916,19.837,1.2837,2.75,0.19,2.56,0.27,116.41
2022-05-26,4057.84,27.5,0.90498,1.15522,1.0725,1.2582,127.23,6.738,19.801,1.2788,2.75,0.13,2.62,0.29,119.81
2022-05-27,4158.24,25.72,0.89075,1.15476,1.0709,1.2613,127.14,6.698,19.575,1.274,2.74,0.11,2.63,0.27,121.19
2022-05-30,4158.24,26.54,0.89075,1.15476,1.0709,1.2613,127.14,6.698,19.575,1.274,2.74,0.11,2.63,0.27,123.01
2022-05-31,4132.15,26.19,0.88916,1.14916,1.0731,1.2624,128.53,6.6715,19.68,1.2639,2.85,0.21,2.64,0.32,125.53
2022-06-01,4101.23,25.69,0.88823,1.15195,1.0646,1.2472,130.09,6.6858,19.75,1.267,2.94,0.29,2.65,0.28,122.2
2022-06-02,4176.82,24.72,0.87388,1.15488,1.0733,1.2557,129.83,6.6596,19.555,1.2587,2.92,0.26,2.66,0.27,122.2
2022-06-03,4108.54,24.79,0.88781,1.16405,1.0721,1.2496,130.71,6.6595,19.601,1.2581,2.96,0.22,2.74,0.3,125.68
2022-06-06,4121.43,25.07,0.88374,1.16397,1.0699,1.2544,131.55,6.6534,19.594,1.257,3.04,0.28,2.76,0.31,124.99
2022-06-07,4160.68,24.02,0.88495,1.16683,1.0697,1.2594,132.53,6.6675,19.601,1.255,2.98,0.25,2.73,0.23,126.89
2022-06-08,4115.77,23.96,0.88125,1.16215,1.074,1.2557,134.06,6.6825,19.57,1.2524,3.03,0.28,2.75,0.25,129.2
2022-06-09,4017.82,26.09,0.88496,1.16474,1.0656,1.2511,134.06,6.6915,19.612,1.2651,3.04,0.29,2.75,0.21,128.47
2022-06-10,3900.86,27.75,0.8984,1.16676,1.0521,1.233,134.19,6.7081,19.914,1.2782,3.15,0.39,2.76,0.09,127.44
2022-06-13,3749.63,34.02,0.90914,1.15654,1.0436,1.217,134.12,6.753,20.411,1.2851,3.43,0.69,2.74,0.03,128.44
2022-06-14,3735.48,32.69,0.9025,1.15641,1.0416,1.2011,134.89,6.7395,20.671,1.2933,3.49,0.89,2.6,0.04,127.02
2022-06-15,3789.99,29.62,0.88861,1.15471,1.0388,1.2057,134.5,6.7128,20.661,1.297,3.33,0.63,2.7,0.13,124.96
2022-06-16,3666.77,32.95,0.89956,1.13823,1.0531,1.2341,131.65,6.703,20.541,1.2925,3.28,0.66,2.62,0.14,125.78
2022-06-17,3674.84,31.13,0.88839,1.14702,1.0473,1.2201,135.14,6.716,20.429,1.3054,3.25,0.67,2.58,0.08,119.22
2022-06-20,3674.84,31.03,0.88839,1.14702,1.0473,1.2201,135.14,6.716,20.429,1.3054,3.25,0.67,2.58,0.08,118.25
2022-06-21,3764.79,30.19,0.8846,1.13571,1.0548,1.2277,136.25,6.688,20.195,1.2927,3.31,0.7,2.61,0.1,118.51
2022-06-22,3759.89,28.95,0.88371,1.13374,1.0583,1.228,136.05,6.6983,20.047,1.2932,3.16,0.62,2.54,0.1,115.54
2022-06-23,3795.73,29.05,0.8725,1.13392,1.0503,1.224,134.72,6.698,20.012,1.2979,3.09,0.59,2.5,0.08,114.5
2022-06-24,3911.74,27.23,0.86638,1.13385,1.0539,1.2273,135.22,6.6878,19.906,1.2919,3.13,0.57,2.56,0.09,117.36
2022-06-27,3900.11,26.95,0.87305,1.14162,1.0601,1.2305,135.26,6.6899,19.879,1.287,3.2,0.65,2.55,0.12,119.69
2022-06-28,3821.55,28.36,0.89095,1.14718,1.0534,1.22,136.19,6.707,19.983,1.2882,3.2,0.72,2.48,0.1,122.21
2022-06-29,3818.83,28.16,0.88431,1.13674,1.0477,1.2151,136.5,6.6997,20.163,1.2861,3.1,0.74,2.36,0.04,120.8
2022-06-30,3785.38,28.71,0.89099,1.13792,1.0469,1.2162,135.69,6.6981,20.118,1.2871,2.98,0.65,2.33,0.06,119.78
2022-07-01,3825.33,26.7,0.89168,1.13872,1.0409,1.2048,135.09,6.7,20.318,1.2915,2.88,0.54,2.34,0.04,119.21
2022-07-04,3825.33,27.53,0.89168,1.13872,1.0409,1.2048,135.09,6.7,20.318,1.2915,2.88,0.54,2.34,0.04,121.8
2022-07-05,3831.39,27.54,0.87119,1.1388,1.0254,1.1932,135.72,6.7192,20.551,1.3064,2.82,0.52,2.3,0.0,110.49
2022-07-06,3845.08,26.73,0.86629,1.12666,1.0173,1.1907,135.66,6.707,20.694,1.3052,2.93,0.64,2.29,-0.04,108.54
2022-07-07,3902.62,26.08,0.85912,1.13454,1.0159,1.1994,135.99,6.7005,20.599,1.2988,3.01,0.68,2.33,-0.02,113.4
2022-07-08,3899.38,24.64,0.85633,1.13351,1.0178,1.2036,136.16,6.6945,20.444,1.2947,3.09,0.72,2.37,-0.03,113.95
2022-07-11,3854.43,26.17,0.86741,1.12786,1.0088,1.1907,137.29,6.7175,20.735,1.2979,2.99,0.67,2.32,-0.08,114.85
2022-07-12,3818.8,27.29,0.87449,1.13532,1.0069,1.1905,136.68,6.7234,20.749,1.3003,2.96,0.64,2.32,-0.07,106.98
2022-07-13,3801.78,26.82,0.87323,1.13827,1.0081,1.1919,137.34,6.7175,20.725,1.2956,2.91,0.6,2.31,-0.22,107.17
2022-07-14,3790.38,26.4,0.86687,1.12972,1.0028,1.1827,138.94,6.7542,20.858,1.31,2.96,0.62,2.34,-0.19,107.74
2022-07-15,3863.16,24.23,0.86606,1.13168,1.0089,1.1857,138.57,6.7565,20.578,1.3041,2.93,0.57,2.36,-0.2,112.26
2022-07-18,3830.85,25.3,0.86829,1.13917,1.016,1.1989,138.23,6.742,20.389,1.2919,2.96,0.59,2.37,-0.19,117.27
2022-07-19,3936.69,24.5,0.86133,1.14586,1.0238,1.2022,137.94,6.743,20.464,1.2887,3.01,0.62,2.39,-0.22,114.96
2022-07-20,3959.9,23.88,0.85063,1.15368,1.0217,1.1989,138.16,6.754,20.469,1.2875,3.04,0.66,2.38,-0.21,115.86
2022-07-21,3998.95,23.11,0.84129,1.14707,1.0197,1.1968,137.94,6.7655,20.663,1.2885,2.91,0.58,2.33,-0.19,112.81
2022-07-22,3961.63,23.03,0.85312,1.14469,1.0225,1.2019,136.12,6.75,20.502,1.2861,2.77,0.43,2.34,-0.21,106.77
2022-07-25,3966.84,23.36,0.86114,1.15078,1.0211,1.2042,136.72,6.7499,20.464,1.2845,2.81,0.45,2.36,-0.19,108.23
2022-07-26,3921.05,24.69,0.87371,1.15778,1.0116,1.2036,136.62,6.7616,20.472,1.2891,2.81,0.45,2.36,-0.21,107.32
2022-07-27,4023.61,23.24,0.8527,1.15149,1.0108,1.2027,137.31,6.757,20.507,1.2881,2.78,0.36,2.42,-0.18,109.64
2022-07-28,4072.43,22.33,0.84903,1.15193,1.0163,1.2126,134.45,6.7465,20.383,1.2835,2.68,0.2,2.48,-0.17,109.68
2022-07-29,4130.29,21.33,0.83694,1.14462,1.0202,1.2183,133.25,6.7433,20.363,1.2801,2.67,0.14,2.53,-0.22,111.51
2022-08-01,4118.63,22.84,0.83878,1.14643,1.027,1.2278,131.8,6.7674,20.251,1.283,2.6,0.09,2.51,-0.3,106.09
2022-08-02,4091.19,23.93,0.83427,1.14792,1.0194,1.2218,132.32,6.7499,20.52,1.2855,2.75,0.27,2.48,-0.31,106.51
2022-08-03,4155.17,21.95,0.82204,1.14424,1.0146,1.2132,134.18,6.7565,20.553,1.2869,2.73,0.23,2.5,-0.37,101.82
2022-08-04,4151.94,21.44,0.81344,1.14057,1.0221,1.2141,133.28,6.7485,20.328,1.2852,2.68,0.22,2.46,-0.35,97.99
2022-08-05,4145.19,21.15,0.81837,1.15123,1.017,1.2061,135.33,6.7607,20.394,1.2942,2.83,0.37,2.46,-0.41,100.31
2022-08-08,4140.06,21.29,0.8226,1.16158,1.0207,1.2098,134.73,6.7505,20.2912,1.2854,2.77,0.29,2.48,-0.44,103.46
2022-08-09,4122.47,21.77,0.83032,1.15268,1.0226,1.2089,134.95,6.7525,20.281,1.288,2.8,0.33,2.47,-0.48,103.81
2022-08-10,4210.24,19.74,0.82132,1.15706,1.0337,1.2245,132.58,6.723,19.964,1.2773,2.78,0.35,2.43,-0.45,105.06
2022-08-11,4207.27,20.2,0.83055,1.16347,1.0338,1.223,132.66,6.7445,19.922,1.2744,2.87,0.4,2.47,-0.36,107.19
2022-08-12,4280.15,19.53,0.82559,1.16398,1.0257,1.2132,133.57,6.7425,19.869,1.2783,2.84,0.37,2.47,-0.41,103.7
2022-08-15,4297.14,19.95,0.82248,1.16168,1.0186,1.209,133.13,6.7715,19.84,1.2891,2.79,0.35,2.44,-0.41,98.25
2022-08-16,4305.2,19.69,0.82609,1.16313,1.0174,1.209,134.38,6.7875,19.918,1.2874,2.82,0.38,2.44,-0.43,95.36
2022-08-17,4274.04,19.9,0.82894,1.15416,1.0164,1.203,135.4,6.7805,20.067,1.2932,2.89,0.43,2.46,-0.39,97.22
2022-08-18,4283.74,19.56,0.83002,1.15973,1.0114,1.197,135.29,6.7855,20.085,1.2945,2.88,0.36,2.52,-0.34,96.35
2022-08-19,4228.48,20.6,0.83907,1.15381,1.0039,1.181,137.01,6.8164,20.186,1.2994,2.98,0.43,2.55,-0.27,96.45
2022-08-22,4137.99,23.8,0.84602,1.15539,0.9936,1.1752,137.57,6.8476,20.163,1.3038,3.03,0.46,2.57,-0.29,95.06
2022-08-23,4128.73,24.11,0.84679,1.1585,0.9976,1.1844,136.36,6.8476,20.017,1.2945,3.05,0.47,2.58,-0.24,99.49
2022-08-24,4140.77,22.82,0.84666,1.16267,0.9967,1.1802,136.92,6.8581,19.896,1.2969,3.11,0.49,2.62,-0.25,99.87
2022-08-25,4199.12,21.78,0.84259,1.16374,0.9959,1.1803,136.83,6.8477,19.944,1.2944,3.03,0.43,2.6,-0.32,98.81
2022-08-26,4057.66,25.56,0.85327,1.16646,0.9998,1.1778,137.07,6.8715,19.913,1.3006,3.04,0.47,2.57,-0.33,101.13
2022-08-29,4030.61,26.21,0.85755,1.16458,1.0,1.1718,138.74,6.9067,20.015,1.3001,3.12,0.54,2.58,-0.3,101.13
2022-08-30,3986.16,26.21,0.85676,1.16012,1.0018,1.1651,138.73,6.91,20.095,1.309,3.11,0.56,2.55,-0.35,99.34
2022-08-31,3955.0,25.87,0.85684,1.16196,1.0065,1.1647,138.69,6.889,20.086,1.3091,3.15,0.67,2.48,-0.3,96.55
2022-09-01,3966.85,25.56,0.85954,1.14672,0.995,1.1541,139.93,6.9066,20.22,1.316,3.26,0.81,2.45,-0.25,92.24
2022-09-02,3924.26,25.47,0.86277,1.15155,1.003,1.1582,140.03,6.8985,19.927,1.3089,3.2,0.73,2.47,-0.2,93.09
2022-09-05,3924.26,25.99,0.86277,1.15155,1.003,1.1582,140.03,6.8985,19.927,1.3089,3.2,0.73,2.47,-0.2,94.22
2022-09-06,3908.19,26.91,0.86472,1.14554,0.9914,1.1549,142.95,6.9532,20.109,1.3122,3.33,0.85,2.48,-0.17,91.43
2022-09-07,3979.87,24.64,0.86145,1.1493,0.9942,1.1473,144.39,6.965,20.026,1.3166,3.27,0.82,2.45,-0.18,86.83
2022-09-08,4006.18,23.61,0.86181,1.15129,0.9956,1.1489,144.05,6.9562,19.985,1.3118,3.29,0.88,2.41,-0.19,87.99
2022-09-09,4067.36,22.79,0.85545,1.15416,1.0046,1.16,142.44,6.924,19.887,1.3036,3.33,0.91,2.42,-0.23,91.68
2022-09-12,4110.41,23.87,0.85163,1.15492,1.0129,1.1701,142.41,6.9265,19.8,1.2976,3.37,0.95,2.42,-0.21,93.45
2022-09-13,3932.69,27.27,0.86631,1.16065,0.9997,1.1526,144.3,6.9245,20.066,1.3123,3.42,0.98,2.44,-0.33,92.04
2022-09-14,3946.01,26.16,0.86476,1.15963,0.9993,1.1564,142.93,6.9612,19.953,1.3156,3.41,0.95,2.46,-0.37,92.83
2022-09-15,3901.35,26.27,0.87029,1.16382,0.9991,1.1472,143.57,6.9934,20.067,1.3204,3.45,1.02,2.43,-0.42,89.28
2022-09-16,3873.33,26.3,0.87127,1.15519,1.0013,1.1419,143.04,6.9799,20.017,1.3273,3.45,1.07,2.38,-0.4,89.43
2022-09-19,3899.89,25.76,0.87015,1.15732,1.0003,1.1403,143.34,7.005,20.0,1.3287,3.49,1.15,2.34,-0.46,89.43
2022-09-20,3855.93,27.16,0.8656,1.15277,0.9994,1.1405,143.64,7.0176,19.995,1.3339,3.57,1.17,2.4,-0.39,89.62
2022-09-21,3789.93,27.99,0.86797,1.15572,0.988,1.133,144.14,7.0479,19.995,1.3397,3.51,1.13,2.38,-0.51,89.86
2022-09-22,3757.99,27.35,0.87202,1.14024,0.9841,1.1269,142.16,7.0772,19.964,1.3499,3.7,1.29,2.41,-0.41,90.4
2022-09-23,3693.23,29.92,0.87111,1.13315,0.9719,1.0921,143.18,7.1266,20.176,1.3581,3.69,1.32,2.37,-0.51,84.29
2022-09-26,3655.04,32.26,0.86498,1.12714,0.9623,1.0703,144.45,7.1384,20.373,1.3745,3.88,1.56,2.32,-0.39,82.55
2022-09-27,3647.29,32.6,0.85866,1.13185,0.9616,1.0753,144.71,7.176,20.316,1.3738,3.97,1.64,2.33,-0.33,85.97
2022-09-28,3719.04,30.18,0.86039,1.14267,0.9681,1.0832,144.15,7.199,20.305,1.3648,3.72,1.39,2.33,-0.35,89.55
2022-09-29,3640.47,31.84,0.86693,1.14001,0.9774,1.1048,144.45,7.1196,20.15,1.37,3.76,1.57,2.19,-0.4,89.41
2022-09-30,3585.62,31.62,0.86728,1.14961,0.9783,1.1134,144.71,7.1135,20.115,1.3752,3.83,1.68,2.15,-0.39,88.9
2022-10-03,3678.43,30.1,0.86869,1.15127,0.9809,1.1272,144.5,7.1103,20.033,1.3651,3.67,1.43,2.24,-0.45,90.68
2022-10-04,3790.93,29.07,0.86669,1.16178,0.9977,1.1446,144.32,7.1103,19.97,1.3551,3.62,1.38,2.24,-0.48,93.74
2022-10-05,3783.28,28.55,0.86557,1.1561,0.9866,1.1275,144.73,7.1103,20.107,1.3662,3.76,1.54,2.22,-0.39,94.35
2022-10-06,3744.52,30.52,0.85928,1.15958,0.9806,1.1133,144.94,7.1103,20.111,1.3732,3.83,1.61,2.22,-0.4,95.65
2022-10-07,3639.66,31.36,0.87186,1.15977,0.9785,1.1116,145.19,7.1103,20.03,1.3692,3.89,1.62,2.27,-0.41,98.88
2022-10-10,3612.39,32.45,0.87653,1.16225,0.9785,1.1116,145.19,7.1103,20.03,1.3692,3.89,1.62,2.27,-0.41,97.13
2022-10-11,3588.84,33.63,0.88599,1.17135,0.9757,1.1168,145.55,7.1639,19.947,1.3737,3.93,1.62,2.31,-0.37,95.17
2022-10-12,3577.03,33.57,0.88507,1.17007,0.9692,1.1096,146.87,7.172,20.025,1.3797,3.91,1.62,2.29,-0.37,93.44
2022-10-13,3669.91,31.94,0.88944,1.16873,0.978,1.1344,147.15,7.17,19.992,1.3744,3.97,1.63,2.34,-0.5,95.16
2022-10-14,3583.07,32.02,0.90199,1.16796,0.9739,1.1208,148.46,7.1895,20.068,1.3873,4.0,1.59,2.41,-0.48,92.22
2022-10-17,3677.95,31.37,0.89123,1.1717,0.9843,1.1427,148.71,7.1946,19.978,1.3723,4.02,1.57,2.45,-0.43,91.04
2022-10-18,3719.98,30.5,0.892,1.17343,0.9842,1.1307,149.23,7.2001,20.04,1.379,4.01,1.6,2.41,-0.42,89.46
2022-10-19,3695.16,30.76,0.89048,1.16127,0.978,1.1232,149.77,7.228,20.126,1.3783,4.14,1.72,2.42,-0.41,91.34
2022-10-20,3665.78,29.98,0.88708,1.15593,0.9823,1.1288,149.82,7.2129,20.031,1.3715,4.24,1.73,2.51,-0.38,91.52
2022-10-21,3752.75,29.69,0.88698,1.15361,0.9855,1.1292,146.35,7.2399,19.898,1.3673,4.21,1.69,2.52,-0.28,91.82
2022-10-24,3797.34,29.85,0.88643,1.14572,0.9874,1.1295,148.76,7.2629,19.945,1.3704,4.25,1.66,2.59,-0.25,91.57
2022-10-25,3859.11,28.46,0.87886,1.15651,0.9959,1.1469,147.85,7.2688,19.867,1.3616,4.1,1.59,2.51,-0.32,91.76
2022-10-26,3830.6,27.28,0.90048,1.16823,1.0068,1.1615,146.5,7.171,19.866,1.3551,4.04,1.6,2.44,-0.35,92.93
2022-10-27,3807.3,27.39,0.91495,1.17684,0.9985,1.1574,146.02,7.2239,19.838,1.3532,3.96,1.51,2.45,-0.34,94.17
2022-10-28,3901.06,25.75,0.9099,1.17467,0.9934,1.1573,147.68,7.2499,19.824,1.3622,4.02,1.51,2.51,-0.39,94.64
2022-10-31,3871.98,25.88,0.91592,1.18206,0.9885,1.1515,148.63,7.3048,19.848,1.3639,4.1,1.58,2.52,-0.41,93.3
2022-11-01,3856.1,25.81,0.92664,1.19034,0.9871,1.146,148.11,7.273,19.735,1.3639,4.07,1.56,2.51,-0.47,95.12
2022-11-02,3759.69,25.86,0.94117,1.18188,0.9875,1.1467,147.11,7.289,19.665,1.3628,4.1,1.57,2.53,-0.51,96.07
2022-11-03,3719.89,25.3,0.95575,1.18732,0.9759,1.1183,148.18,7.3,19.675,1.3729,4.14,1.74,2.4,-0.57,95.29
2022-11-04,3770.55,24.55,0.96111,1.186,0.9895,1.1279,147.22,7.2996,19.532,1.3528,4.17,1.69,2.48,-0.49,99.53
2022-11-07,3806.8,24.35,0.95827,1.18274,0.9997,1.1463,146.64,7.2266,19.467,1.3497,4.22,1.69,2.53,-0.5,99.87
2022-11-08,3828.11,25.54,0.95843,1.17759,1.0089,1.1595,145.38,7.2485,19.464,1.3389,4.14,1.64,2.5,-0.53,96.85
2022-11-09,3748.57,26.09,0.96593,1.17428,1.0037,1.1396,146.15,7.2401,19.571,1.3453,4.12,1.7,2.42,-0.49,93.05
2022-11-10,3956.37,23.53,0.93517,1.17907,1.0176,1.1677,141.78,7.184,19.37,1.3362,3.82,1.43,2.39,-0.52,94.25
2022-11-11,3992.93,22.52,0.92492,1.17852,1.0176,1.1677,141.78,7.184,19.37,1.3362,3.82,1.43,2.39,-0.52,96.37
2022-11-14,3957.25,23.73,0.93005,1.17612,1.0337,1.1728,140.43,7.071,19.392,1.3295,3.88,1.51,2.37,-0.52,93.59
2022-11-15,3991.73,24.54,0.9228,1.18229,1.0372,1.189,139.36,7.044,19.381,1.328,3.8,1.45,2.35,-0.57,94.3
2022-11-16,3958.79,24.11,0.92705,1.17122,1.0395,1.1889,139.59,7.0964,19.314,1.3343,3.67,1.38,2.29,-0.68,92.61
2022-11-17,3946.56,23.93,0.93077,1.1668,1.0341,1.1812,140.45,7.1551,19.44,1.3343,3.77,1.49,2.28,-0.66,91.0
2022-11-18,3965.34,23.12,0.93719,1.1681,1.0349,1.1902,140.03,7.1192,19.487,1.3379,3.82,1.57,2.25,-0.69,88.93
2022-11-21,3949.94,22.36,0.9497,1.16772,1.0238,1.1785,141.95,7.164,19.542,1.3483,3.83,1.52,2.31,-0.65,88.44
2022-11-22,4003.58,21.29,0.94723,1.16638,1.0276,1.188,141.29,7.1388,19.451,1.3401,3.76,1.44,2.32,-0.71,88.65
2022-11-23,4027.26,20.35,0.94011,1.16221,1.0364,1.204,139.76,7.158,19.373,1.3416,3.71,1.39,2.32,-0.75,85.9
2022-11-24,4027.26,20.42,0.94011,1.16221,1.0364,1.204,139.76,7.158,19.373,1.3416,3.71,1.39,2.32,-0.75,85.59
2022-11-25,4026.12,20.5,0.94536,1.16677,1.0402,1.2102,139.21,7.1642,19.333,1.337,3.68,1.36,2.32,-0.74,83.4
2022-11-28,3963.94,22.21,0.94664,1.16205,1.0386,1.2041,138.67,7.2074,19.308,1.3433,3.69,1.43,2.26,-0.77,83.5
2022-11-29,3957.63,21.89,0.95664,1.16765,1.0356,1.1996,138.28,7.1568,19.22,1.3636,3.75,1.5,2.25,-0.73,83.22
2022-11-30,4080.11,20.58,0.93637,1.1619,1.0323,1.1962,139.31,7.0879,19.366,1.3538,3.68,1.34,2.34,-0.7,85.61
2022-12-01,4076.57,19.84,0.93524,1.16116,1.0498,1.2252,135.55,7.0424,19.15,1.3427,3.53,1.17,2.36,-0.72,86.28
2022-12-02,4071.7,19.06,0.93779,1.16845,1.0521,1.2292,134.89,7.019,19.342,1.3448,3.51,1.08,2.43,-0.77,86.54
2022-12-05,3998.84,20.75,0.93968,1.15904,1.0494,1.2169,136.55,6.961,19.76,1.3571,3.6,1.21,2.39,-0.81,83.36
2022-12-06,3941.26,22.17,0.94737,1.15904,1.0497,1.2202,136.67,6.9935,19.845,1.3652,3.51,1.2,2.31,-0.83,79.92
2022-12-07,3933.92,22.68,0.95102,1.15719,1.0505,1.2194,136.57,6.9702,19.702,1.364,3.42,1.16,2.26,-0.84,77.11
2022-12-08,3963.51,22.29,0.94782,1.15571,1.0552,1.2235,136.45,6.9649,19.673,1.3574,3.48,1.2,2.28,-0.83,76.02
2022-12-09,3934.38,22.83,0.94578,1.15159,1.055,1.2311,136.4,6.9559,19.797,1.3604,3.57,1.31,2.26,-0.76,76.37
2022-12-12,3990.56,25.0,0.94715,1.14926,1.0545,1.2285,137.47,6.9773,19.821,1.3654,3.61,1.33,2.28,-0.78,78.0
2022-12-13,4019.65,22.55,0.94091,1.1486,1.063,1.2375,135.14,6.943,19.641,1.353,3.51,1.27,2.24,-0.71,80.14
2022-12-14,3995.32,21.14,0.94295,1.14937,1.0655,1.2408,134.95,6.9498,19.698,1.3567,3.49,1.3,2.19,-0.74,83.33
2022-12-15,3895.75,22.83,0.95489,1.15012,1.0638,1.2206,137.92,6.9716,19.786,1.3649,3.44,1.28,2.16,-0.79,82.34
2022-12-16,3852.36,22.62,0.95492,1.15433,1.061,1.2168,136.55,6.9708,19.787,1.369,3.48,1.35,2.13,-0.69,80.2
2022-12-19,3817.66,22.42,0.96336,1.14925,1.0624,1.218,136.87,6.9772,19.726,1.3638,3.57,1.42,2.15,-0.68,81.66
2022-12-20,3821.62,21.48,0.96449,1.15352,1.0635,1.2146,131.08,6.96,19.795,1.3618,3.69,1.45,2.24,-0.56,79.45
2022-12-21,3878.44,20.07,0.96228,1.15491,1.0599,1.2072,132.36,6.981,19.715,1.3622,3.68,1.41,2.27,-0.53,80.25
2022-12-22,3822.39,21.97,0.97466,1.15768,1.0588,1.2032,132.34,6.9829,19.592,1.3653,3.67,1.48,2.19,-0.57,79.58
2022-12-23,3844.82,20.87,0.97754,1.15646,1.0621,1.2054,132.78,6.988,19.43,1.3587,3.75,1.55,2.2,-0.56,82.45
2022-12-26,3844.82,20.87,0.97754,1.15646,1.0621,1.2054,132.78,6.988,19.43,1.3587,3.75,1.55,2.2,-0.56,82.45
2022-12-27,3829.25,21.65,0.99043,1.15556,1.0654,1.2032,133.43,6.96,19.4,1.3504,3.84,1.58,2.26,-0.48,82.45
2022-12-28,3783.22,22.14,0.99158,1.15115,1.0622,1.2034,134.27,6.9774,19.398,1.3588,3.88,1.6,2.28,-0.43,81.7
2022-12-29,3849.28,21.44,0.98006,1.15917,1.0668,1.206,133.16,6.9625,19.357,1.3546,3.83,1.56,2.27,-0.51,80.96
2022-12-30,3839.5,21.67,0.97916,1.15884,1.0698,1.2077,131.81,6.8972,19.496,1.3532,3.88,1.58,2.3,-0.53,82.82
2023-01-02,3839.5,21.67,0.97916,1.15884,1.0698,1.2077,131.81,6.8972,19.496,1.3532,3.88,1.58,2.3,-0.53,82.82
2023-01-03,3824.14,22.9,0.98729,1.15841,1.0559,1.197,130.83,6.9135,19.421,1.3664,3.79,1.53,2.26,-0.61,80.36
2023-01-04,3852.97,22.01,0.99444,1.16608,1.062,1.2063,132.0,6.8875,19.33,1.3492,3.69,1.47,2.22,-0.67,75.31
2023-01-05,3808.1,22.46,1.00421,1.16757,1.0522,1.1902,133.57,6.88,19.375,1.3579,3.71,1.49,2.22,-0.74,76.73
2023-01-06,3895.08,21.13,1.00388,1.16786,1.0619,1.2064,132.21,6.837,19.172,1.3452,3.55,1.34,2.21,-0.69,76.41
2023-01-09,3892.09,21.97,0.99109,1.16914,1.0759,1.2206,131.58,6.77,19.176,1.3372,3.53,1.31,2.22,-0.66,77.5
2023-01-10,3919.25,20.58,0.98762,1.17645,1.0737,1.2155,132.25,6.777,19.105,1.3433,3.61,1.37,2.24,-0.63,78.4
2023-01-11,3969.61,21.09,0.97663,1.17565,1.074,1.2125,132.58,6.77,19.018,1.3422,3.54,1.31,2.23,-0.66,81.11
2023-01-12,3983.17,18.83,0.97404,1.18837,1.0823,1.2182,129.75,6.7365,18.875,1.338,3.43,1.22,2.21,-0.69,82.59
2023-01-13,3999.09,18.35,0.97164,1.19006,1.0811,1.2194,127.85,6.701,18.785,1.3413,3.49,1.31,2.18,-0.73,83.43
2023-01-16,3999.09,19.49,0.97164,1.19006,1.0811,1.2194,127.85,6.701,18.785,1.3413,3.49,1.31,2.18,-0.73,82.65
2023-01-17,3990.97,19.36,0.96562,1.19062,1.0793,1.2264,128.18,6.7723,18.74,1.338,3.53,1.36,2.17,-0.65,84.38
2023-01-18,3928.86,20.34,0.95908,1.19245,1.0827,1.2369,128.45,6.7534,18.748,1.3436,3.37,1.25,2.12,-0.69,83.78
2023-01-19,3898.85,20.52,0.95921,1.18986,1.081,1.2366,128.48,6.7738,19.066,1.3494,3.39,1.19,2.2,-0.7,85.08
2023-01-20,3972.61,19.85,0.9462,1.18789,1.0831,1.2374,129.97,6.7825,18.912,1.3416,3.48,1.25,2.23,-0.66,86.96
2023-01-23,4019.81,19.81,0.93803,1.18889,1.0865,1.237,130.69,6.7899,18.824,1.3384,3.52,1.24,2.28,-0.69,87.54
2023-01-24,4016.95,19.2,0.94007,1.18654,1.0873,1.2323,130.07,6.7899,18.841,1.3369,3.46,1.19,2.27,-0.66,85.25
2023-01-25,4016.22,19.08,0.94204,1.18949,1.0901,1.2374,129.64,6.7899,18.844,1.3413,3.46,1.17,2.29,-0.65,85.08
2023-01-26,4060.43,18.73,0.9323,1.18531,1.0866,1.237,130.4,6.7899,18.836,1.3348,3.49,1.16,2.33,-0.68,86.29
2023-01-27,4070.56,18.51,0.92281,1.18785,1.0857,1.2379,129.94,6.7899,18.773,1.3314,3.52,1.19,2.33,-0.67,85.36
2023-01-30,4017.77,19.94,0.93174,1.18924,1.0867,1.2373,130.34,6.7501,18.77,1.335,3.55,1.26,2.29,-0.7,84.9
2023-01-31,4076.6,19.4,0.92702,1.19954,1.0858,1.2324,130.17,6.754,18.798,1.3333,3.52,1.28,2.24,-0.69,83.42
2023-02-01,4119.21,17.87,0.91496,1.20518,1.0917,1.2308,129.27,6.7406,18.708,1.3335,3.39,1.14,2.25,-0.7,81.61
2023-02-02,4179.76,18.73,0.89135,1.20963,1.0918,1.226,128.45,6.7266,18.618,1.3317,3.4,1.18,2.22,-0.69,80.57
2023-02-03,4136.48,18.33,0.89894,1.21305,1.0825,1.2073,131.07,6.7733,18.883,1.3395,3.53,1.31,2.22,-0.77,78.85
2023-02-06,4111.08,19.43,0.90238,1.20439,1.0722,1.2009,132.76,6.7918,19.21,1.3442,3.63,1.38,2.25,-0.81,80.48
2023-02-07,4164.0,18.66,0.89156,1.19886,1.0705,1.2013,131.37,6.791,19.03,1.344,3.67,1.36,2.31,-0.8,82.92
2023-02-08,4117.86,19.63,0.89689,1.19549,1.0734,1.2093,131.27,6.789,18.957,1.343,3.63,1.29,2.34,-0.82,84.17
2023-02-09,4081.5,20.71,0.89696,1.18889,1.0761,1.2157,130.98,6.7782,18.959,1.3428,3.67,1.34,2.33,-0.81,83.46
2023-02-10,4090.46,20.53,0.90815,1.18808,1.067,1.2061,131.5,6.8106,18.708,1.3363,3.74,1.41,2.33,-0.76,85.46
2023-02-13,4137.29,20.34,0.90358,1.18824,1.0718,1.2136,132.71,6.8198,18.626,1.3348,3.72,1.41,2.31,-0.8,85.98
2023-02-14,4136.13,18.91,0.8959,1.18826,1.0722,1.2157,133.05,6.8255,18.541,1.3367,3.77,1.46,2.31,-0.83,84.96
2023-02-15,4147.6,18.23,0.8906,1.19604,1.0683,1.2031,134.22,6.851,18.601,1.3401,3.81,1.46,2.35,-0.81,84.11
2023-02-16,4090.41,20.17,0.89846,1.20099,1.0684,1.2018,133.95,6.859,18.513,1.3451,3.86,1.49,2.37,-0.76,83.84
2023-02-17,4079.09,20.02,0.90607,1.20605,1.0678,1.2012,134.21,6.8661,18.416,1.3487,3.82,1.46,2.36,-0.78,81.97
2023-02-20,4079.09,21.23,0.90607,1.20605,1.0678,1.2012,134.21,6.8661,18.416,1.3487,3.82,1.46,2.36,-0.78,82.79
2023-02-21,3997.34,22.87,0.912,1.1964,1.0657,1.2111,134.87,6.87,18.392,1.3515,3.95,1.53,2.42,-0.72,82.14
2023-02-22,3991.05,22.29,0.90869,1.20171,1.0623,1.2064,134.77,6.8908,18.35,1.354,3.93,1.52,2.41,-0.73,79.55
2023-02-23,4012.32,21.14,0.90343,1.20276,1.0583,1.2016,134.8,6.9075,18.435,1.3567,3.88,1.49,2.39,-0.78,82.08
2023-02-24,3970.04,21.67,0.91222,1.2057,1.0545,1.1948,136.36,6.9545,18.399,1.3618,3.95,1.57,2.38,-0.83,82.31
2023-02-27,3982.24,20.95,0.9075,1.20505,1.0596,1.2036,136.18,6.945,18.408,1.3574,3.92,1.56,2.36,-0.86,81.24
2023-02-28,3970.15,20.7,0.90439,1.20778,1.0602,1.2093,136.09,6.9325,18.345,1.3616,3.92,1.49,2.43,-0.89,83.21
2023-03-01,3951.39,20.58,0.9097,1.21463,1.0674,1.2034,135.82,6.8656,18.095,1.3597,4.01,1.57,2.44,-0.88,83.68
2023-03-02,3981.35,19.59,0.90741,1.2089,1.0595,1.1942,136.84,6.9122,18.112,1.3616,4.08,1.6,2.48,-0.81,84.15
2023-03-03,4045.64,18.49,0.89879,1.2047,1.0616,1.1996,136.09,6.9048,18.013,1.3609,3.97,1.45,2.52,-0.89,85.74
2023-03-06,4048.42,18.61,0.89595,1.18694,1.0694,1.2048,135.93,6.9295,18.015,1.3606,3.98,1.49,2.49,-0.91,85.86
2023-03-07,3986.37,19.59,0.89248,1.19101,1.0573,1.1857,136.9,6.9605,18.131,1.3736,3.97,1.59,2.38,-1.03,83.03
2023-03-08,3992.01,19.11,0.88862,1.1901,1.0549,1.1837,137.18,6.9496,17.949,1.3784,3.98,1.66,2.32,-1.07,82.1
2023-03-09,3918.32,22.61,0.88927,1.18007,1.0577,1.1922,136.41,6.963,18.086,1.3777,3.93,1.63,2.3,-0.97,81.0
2023-03-10,3861.59,24.8,0.89435,1.16365,1.0659,1.2043,135.05,6.9025,18.359,1.3804,3.7,1.44,2.26,-0.9,82.3
2023-03-13,3855.76,26.52,0.88519,1.14547,1.0733,1.216,133.13,6.8455,18.77,1.3687,3.55,1.31,2.24,-0.48,79.67
2023-03-14,3919.29,23.73,0.87593,1.14647,1.0722,1.2146,134.33,6.868,18.719,1.3676,3.64,1.33,2.31,-0.56,76.77
2023-03-15,3891.93,26.14,0.86581,1.13449,1.0535,1.2032,132.81,6.9005,18.957,1.3799,3.51,1.22,2.29,-0.42,74.3
2023-03-16,3960.28,22.99,0.85385,1.13139,1.0622,1.2111,133.01,6.8965,18.913,1.3761,3.56,1.34,2.22,-0.58,73.12
2023-03-17,3916.64,25.51,0.84696,1.11607,1.0647,1.2141,132.01,6.887,18.98,1.3753,3.39,1.29,2.1,-0.42,71.03
2023-03-20,3951.57,24.15,0.85403,1.11852,1.0722,1.2257,131.59,6.877,18.82,1.3686,3.47,1.33,2.14,-0.45,72.42
2023-03-21,4002.87,21.38,0.84774,1.1251,1.0769,1.2195,132.27,6.883,18.67,1.3732,3.59,1.36,2.23,-0.58,74.78
2023-03-22,3936.97,22.26,0.84401,1.11241,1.0792,1.2232,132.67,6.8802,18.527,1.3722,3.48,1.2,2.28,-0.48,76.08
2023-03-23,3948.72,22.61,0.83483,1.10421,1.089,1.2322,130.99,6.8188,18.489,1.3658,3.38,1.19,2.19,-0.38,74.31
2023-03-24,3970.99,21.74,0.83932,1.10653,1.0762,1.2225,130.64,6.8675,18.498,1.3763,3.38,1.16,2.22,-0.38,73.63
2023-03-27,3977.53,20.6,0.84859,1.11492,1.0789,1.2278,131.49,6.8834,18.392,1.3686,3.53,1.29,2.24,-0.41,76.8
2023-03-28,3971.27,19.97,0.85524,1.11723,1.0844,1.2341,130.97,6.8725,18.242,1.3615,3.55,1.24,2.31,-0.47,78.07
2023-03-29,4027.81,19.12,0.85306,1.11503,1.0826,1.2313,132.69,6.8862,18.094,1.3575,3.57,1.24,2.33,-0.51,77.51
2023-03-30,4050.83,19.02,0.85094,1.10878,1.0899,1.2368,132.71,6.87,18.095,1.3536,3.55,1.21,2.34,-0.55,78.45
2023-03-31,4109.31,18.7,0.84699,1.1148,1.0872,1.2369,132.75,6.8676,18.025,1.3525,3.48,1.16,2.32,-0.58,79.19
